safe_instance_id,past_tense_verb_rate,sentiment_pos,sentiment_neg,sentiment_neu,sentiment_compound,pov_first_rate,pov_second_rate,pov_third_rate,pov_dominant,concreteness_mean,concreteness_coverage,temporal_mention_rate,temporal_mention_count
inst_5267439fd5e6fa9c_0,0.058333,0.172,0.107,0.721,0.9117,0.008333,0.0,0.05,third,2.9915,0.8966,0.0,0
inst_cb7b7cc8610afc27_1,0.037879,0.084,0.037,0.879,0.5621,0.0,0.0,0.007576,third,3.2126,0.8478,0.037879,5
inst_857ae18359aab76d_2,0.058824,0.092,0.011,0.897,0.9403,0.037815,0.0,0.016807,first,3.0369,0.9778,0.012605,3
inst_c69d2c3bae55b7bc_3,0.008299,0.039,0.12,0.841,-0.9661,0.0,0.0,0.041494,third,3.3884,0.9651,0.016598,4
inst_289b4547308edda7_4,0.00625,0.095,0.161,0.744,-0.8737,0.0,0.0,0.05625,third,3.0823,0.9677,0.0,0
inst_296e1f787f2f9d9a_5,0.012605,0.041,0.071,0.888,-0.802,0.004202,0.004202,0.02521,third,3.2733,0.9388,0.008403,2
inst_038aa920c8392d34_6,0.021097,0.148,0.0,0.852,0.9835,0.0,0.021097,0.0,second,3.1774,0.9158,0.012658,3
inst_914f0e14c64e6c76_7,0.025316,0.115,0.027,0.858,0.9634,0.012658,0.004219,0.033755,third,3.3664,0.9388,0.0,0
inst_519a328dd05e63db_8,0.024793,0.137,0.052,0.811,0.9667,0.066116,0.024793,0.033058,first,3.0412,0.9659,0.008264,2
inst_24c673570e4ee7d9_9,0.05,0.151,0.024,0.826,0.9337,0.05,0.0,0.025,first,2.934,0.9756,0.025,3
inst_76a799c4a7372d4a_10,0.053333,0.017,0.044,0.939,-0.765,0.0,0.0,0.013333,third,3.1009,0.881,0.022222,5
inst_0a52c1f28e285ea2_11,0.067194,0.143,0.043,0.813,0.9755,0.011858,0.0,0.075099,third,3.2402,0.989,0.007905,2
inst_ebc5f9ecf7812496_12,0.035088,0.027,0.133,0.841,-0.9747,0.008772,0.0,0.004386,first,3.0518,0.8652,0.030702,7
inst_8f2df5d22995a64f_13,0.0,0.097,0.024,0.879,0.9382,0.0,0.02008,0.008032,second,3.1623,0.9057,0.0,0
inst_170d1be617f2d64c_14,0.035294,0.0,0.0,1.0,0.0,0.0,0.0,0.047059,third,3.384,0.8824,0.035294,3
inst_ca663ec7a00f003e_15,0.04955,0.049,0.048,0.903,-0.2023,0.0,0.0,0.009009,third,3.106,0.8989,0.009009,2
inst_41c4100b437f957e_16,0.014706,0.036,0.048,0.915,-0.3291,0.0,0.0,0.058824,third,2.8812,0.9615,0.007353,1
inst_7589dc3fbfa816e8_17,0.035556,0.097,0.104,0.799,-0.6696,0.0,0.0,0.008889,third,2.9014,0.9412,0.031111,7
inst_2d9348f722886262_18,0.078571,0.168,0.029,0.803,0.9703,0.035714,0.007143,0.064286,third,2.6798,0.9608,0.007143,1
inst_71a119e6882e66a7_19,0.012605,0.261,0.022,0.718,0.9944,0.067227,0.0,0.021008,first,3.0825,0.9623,0.008403,2
inst_8932ae6848c43de3_20,0.027397,0.042,0.053,0.905,-0.5416,0.0,0.0,0.018265,third,2.9504,0.9762,0.009132,2
inst_d9876b02ae4011d9_21,0.0,0.096,0.0,0.904,0.9595,0.0,0.030043,0.008584,second,3.4146,0.9524,0.012876,3
inst_0b062d4e51bbcf9e_22,0.018018,0.107,0.029,0.864,0.9207,0.117117,0.0,0.009009,first,2.9894,0.9789,0.018018,4
inst_5e1efd6855b4c080_23,0.057613,0.034,0.022,0.944,0.5423,0.0,0.0,0.016461,third,3.2186,0.975,0.032922,8
inst_d881ee07cd57306b_24,0.0,0.036,0.021,0.943,0.4588,0.0,0.0,0.006689,third,3.2097,0.5882,0.003344,1
inst_1c8886ac27b222e9_25,0.035874,0.185,0.0,0.815,0.9883,0.067265,0.008969,0.022422,first,3.0046,0.9535,0.022422,5
inst_c5ab0ae4fca095bb_26,0.034934,0.092,0.126,0.782,-0.8902,0.008734,0.0,0.026201,third,2.8938,0.956,0.004367,1
inst_96b11f1bbd4e1368_27,0.068085,0.069,0.039,0.892,0.743,0.0,0.0,0.038298,third,3.3193,0.9867,0.029787,7
inst_5967fd34e21810a6_28,0.0131,0.176,0.008,0.816,0.9875,0.069869,0.0,0.0131,first,3.0693,0.9813,0.008734,2
inst_a7937cb185e34fa5_29,0.021739,0.205,0.03,0.765,0.9899,0.06087,0.0,0.008696,first,3.513,0.9651,0.013043,3
inst_862e372e87459648_30,0.036145,0.017,0.146,0.838,-0.9805,0.008032,0.008032,0.024096,third,3.188,0.99,0.012048,3
inst_30b59b7035567c89_31,0.013575,0.228,0.054,0.718,0.9865,0.013575,0.067873,0.013575,second,2.6515,0.9118,0.00905,2
inst_86dc2da5deb32d06_32,0.067073,0.108,0.096,0.796,0.429,0.0,0.006098,0.073171,third,3.0386,0.9077,0.0,0
inst_3d26a9946a4c5506_33,0.0,0.0,0.0,1.0,0.0,0.0,0.0,0.0,none,2.74,1.0,0.0,0
inst_390d3ec0ca2022dd_34,0.032086,0.12,0.0,0.88,0.9552,0.0,0.0,0.02139,third,2.7817,1.0,0.016043,3
inst_e2dffcb2ded3df38_35,0.00823,0.168,0.023,0.809,0.9821,0.0,0.0,0.045267,third,3.286,0.9604,0.00823,2
inst_061d616ffccfbbc8_36,0.046809,0.148,0.021,0.831,0.9771,0.051064,0.0,0.038298,first,2.9361,0.9455,0.0,0
inst_8a2a52f72ddab1dc_37,0.020408,0.267,0.046,0.686,0.9933,0.008163,0.0,0.0,first,2.9185,0.8611,0.032653,8
inst_bc3883a7afff6407_38,0.096,0.206,0.088,0.706,0.9822,0.02,0.028,0.036,third,2.7858,1.0,0.0,0
inst_1b6dcdafb4a8858d_39,0.022026,0.125,0.017,0.858,0.967,0.013216,0.0,0.022026,third,3.2116,0.9906,0.017621,4
inst_f559f30b0cc6e560_40,0.095652,0.061,0.143,0.796,-0.9618,0.0,0.0,0.03913,third,3.2282,1.0,0.017391,4
inst_34ef95c95ea9359a_41,0.022814,0.103,0.08,0.817,0.2812,0.007605,0.003802,0.030418,third,3.189,0.9307,0.003802,1
inst_aeecbecd0e4bbce4_42,0.070423,0.044,0.044,0.911,-0.25,0.061033,0.0,0.065728,third,3.541,0.9315,0.0,0
inst_abe4840945e41ea1_43,0.025532,0.121,0.022,0.857,0.9538,0.046809,0.025532,0.055319,third,2.9297,0.9605,0.004255,1
inst_6cc1b8805e40238c_44,0.020747,0.159,0.0,0.841,0.9871,0.016598,0.0,0.004149,first,3.0563,0.9694,0.0,0
inst_25103abc5b669422_45,0.047244,0.04,0.096,0.865,-0.8327,0.055118,0.007874,0.015748,first,3.4265,0.9583,0.015748,2
inst_deff530786140358_46,0.017467,0.083,0.078,0.839,-0.2549,0.021834,0.0,0.017467,first,2.9351,0.9467,0.017467,4
inst_235f3a5fcf599206_47,0.0,0.012,0.017,0.972,-0.25,0.0,0.0,0.0,none,3.5894,0.9254,0.015209,4
inst_200b5f8f5967ca5e_48,0.020325,0.099,0.035,0.866,0.9107,0.012195,0.0,0.069106,third,2.8789,0.949,0.004065,1
inst_86df343789cde0a7_49,0.021186,0.075,0.017,0.908,0.877,0.055085,0.016949,0.016949,first,3.4094,0.9759,0.012712,3
inst_b019746172f00dcd_50,0.032407,0.038,0.067,0.895,-0.8462,0.0,0.0,0.0,none,3.1767,0.9839,0.023148,5
inst_0829d6f7958f7189_51,0.052632,0.072,0.0,0.928,0.9309,0.061404,0.0,0.013158,first,2.8971,0.9348,0.013158,3
inst_df72fa0910492695_52,0.021097,0.104,0.028,0.868,0.8552,0.008439,0.008439,0.042194,third,3.0249,0.9688,0.012658,3
inst_5cd2e6760b2b2f62_53,0.008403,0.097,0.026,0.878,0.8729,0.033613,0.016807,0.037815,third,2.8617,0.9899,0.0,0
inst_4a9f3ca5f36c2241_54,0.025641,0.135,0.013,0.852,0.9813,0.004274,0.008547,0.047009,third,3.2721,0.9535,0.012821,3
inst_702e9b17dd8b4b60_55,0.033898,0.051,0.166,0.783,-0.9808,0.0,0.0,0.025424,third,3.2869,0.9688,0.033898,8
inst_07bf0351fa91420d_56,0.035556,0.044,0.078,0.877,-0.8047,0.0,0.0,0.031111,third,3.1199,1.0,0.008889,2
inst_5995a9bdc0aabb0f_57,0.057778,0.084,0.037,0.879,0.7783,0.0,0.0,0.008889,third,2.9946,0.9697,0.026667,6
inst_b2ecfee9afa080e9_58,0.017241,0.146,0.031,0.823,0.9554,0.073276,0.00431,0.012931,first,3.0971,0.9794,0.00431,1
inst_9eb3f39789a78e02_59,0.021459,0.196,0.0,0.804,0.9927,0.008584,0.0,0.021459,third,3.2453,0.8824,0.034335,8
inst_a1c97825791f7cc1_60,0.025424,0.124,0.094,0.781,0.2484,0.025424,0.0,0.0,first,3.033,0.9275,0.016949,4
inst_56de0220b7090f2c_61,0.020492,0.031,0.01,0.959,0.4939,0.016393,0.0,0.012295,first,3.4889,0.978,0.016393,4
inst_fe0ce0cca330ac21_62,0.0,0.152,0.096,0.752,0.6527,0.0,0.0,0.025641,third,3.5504,0.963,0.0,0
inst_8c52fd818357fbfb_63,0.027027,0.067,0.093,0.84,-0.3931,0.004505,0.0,0.027027,third,3.1454,0.9398,0.009009,2
inst_769b2135bde10e47_64,0.054264,0.075,0.02,0.905,0.7351,0.0,0.0,0.015504,third,3.4549,0.9211,0.03876,5
inst_2170ce7beeadda30_65,0.063927,0.058,0.073,0.87,-0.2732,0.004566,0.018265,0.013699,second,3.1039,0.9767,0.0,0
inst_9c821d7f471e51e3_66,0.035874,0.076,0.03,0.893,0.7436,0.035874,0.004484,0.017937,first,2.9786,0.8989,0.017937,4
inst_cc2b4d9315a5dbb2_67,0.037975,0.098,0.056,0.846,0.8587,0.067511,0.0,0.037975,first,3.0861,0.9326,0.004219,1
inst_b29c53ad2db34692_68,0.039106,0.098,0.046,0.856,0.7506,0.01676,0.0,0.011173,first,3.1956,0.95,0.027933,5
inst_520159599a3fc077_69,0.013043,0.113,0.029,0.857,0.966,0.056522,0.0,0.026087,first,3.1865,0.9806,0.030435,7
inst_848f11baeebeeabd_70,0.034632,0.0,0.124,0.876,-0.969,0.0,0.0,0.012987,third,3.0921,1.0,0.008658,2
inst_c33f99b3090ddbcb_71,0.0,0.025,0.0,0.975,0.4404,0.0,0.0,0.008621,third,4.0171,0.963,0.0,0
inst_c6fc575370ce12df_72,0.042553,0.088,0.041,0.872,0.828,0.008511,0.004255,0.021277,third,2.9735,0.906,0.008511,2
inst_222ccae6e3698ece_73,0.004329,0.141,0.017,0.842,0.9709,0.008658,0.0,0.04329,third,3.2463,0.9798,0.008658,2
inst_fe9043611b4543c1_74,0.044693,0.038,0.135,0.826,-0.9375,0.01676,0.022346,0.01676,second,2.9124,0.9512,0.0,0
inst_0676190f688476f3_75,0.065217,0.053,0.068,0.878,-0.296,0.043478,0.013043,0.021739,first,3.4063,0.9762,0.017391,4
inst_edda06e2c8e9a406_76,0.038095,0.142,0.014,0.844,0.9744,0.004762,0.009524,0.019048,third,3.4898,0.9425,0.004762,1
inst_6f43cfb19249ec82_77,0.081967,0.049,0.096,0.855,-0.8459,0.028689,0.0,0.069672,third,3.5721,0.9425,0.004098,1
inst_3a21b0c4d6d46e87_78,0.057143,0.083,0.019,0.898,0.7611,0.04,0.005714,0.068571,third,3.1355,0.9701,0.022857,4
inst_198af8bc7e39a7ba_79,0.017167,0.023,0.034,0.943,-0.3291,0.004292,0.0,0.017167,third,3.1289,0.9519,0.008584,2
inst_0eb7da1957d4fc4b_80,0.030435,0.031,0.062,0.908,-0.477,0.043478,0.017391,0.004348,first,2.9548,0.913,0.013043,3
inst_f4b18a4e45b81b57_81,0.055172,0.108,0.0,0.892,0.894,0.068966,0.006897,0.048276,first,3.3547,1.0,0.0,0
inst_f94c9b872813b99d_82,0.067669,0.0,0.172,0.828,-0.9501,0.0,0.0,0.022556,third,3.6004,0.96,0.030075,4
inst_75d8e1b4b64d2067_83,0.051282,0.115,0.078,0.807,0.8288,0.059829,0.0,0.004274,first,3.071,0.9717,0.038462,9
inst_2c0daed41756bbec_84,0.008475,0.014,0.024,0.962,-0.25,0.0,0.0,0.004237,third,3.1576,0.9897,0.004237,1
inst_cd501e9570f4e34c_85,0.051948,0.123,0.011,0.866,0.9657,0.069264,0.008658,0.017316,first,2.9048,0.9059,0.008658,2
inst_9be23bc41ae15b8b_86,0.038462,0.08,0.023,0.897,0.9072,0.042735,0.012821,0.025641,first,3.3023,0.9231,0.004274,1
inst_324153d85917c1b5_87,0.033473,0.039,0.064,0.897,-0.6249,0.0,0.0,0.025105,third,3.1487,0.9468,0.012552,3
inst_4c8340ccecf98208_88,0.022026,0.132,0.107,0.761,0.5423,0.004405,0.0,0.004405,first,3.1545,0.9485,0.017621,4
inst_40f0501fb2b0796e_89,0.004032,0.104,0.0,0.896,0.9666,0.0,0.0,0.012097,third,3.2871,0.9655,0.004032,1
inst_14c7f2f6bb3fa0eb_90,0.067708,0.073,0.167,0.76,-0.9451,0.010417,0.0,0.015625,third,3.4828,0.9091,0.041667,8
inst_c92bf2ac1358ea1d_91,0.039326,0.132,0.044,0.823,0.9253,0.039326,0.0,0.011236,first,3.4539,0.9639,0.0,0
inst_35f51a41bf16f130_92,0.031532,0.117,0.097,0.786,0.4925,0.063063,0.004505,0.018018,first,3.0499,0.9383,0.022523,5
inst_d904887ae5d1b46b_93,0.03913,0.064,0.039,0.897,0.7351,0.017391,0.008696,0.06087,third,3.4409,0.9775,0.0,0
inst_cbbd2a7f96493b52_94,0.044053,0.16,0.01,0.829,0.9795,0.044053,0.0,0.048458,third,2.9447,0.9375,0.008811,2
inst_3d38a32defc5bf5b_95,0.030172,0.072,0.096,0.832,-0.6016,0.008621,0.012931,0.030172,third,2.9077,0.9592,0.00431,1
inst_e77f66b09a44a9d4_96,0.071429,0.101,0.03,0.869,0.9477,0.016807,0.0,0.079832,third,3.2856,0.9444,0.02521,6
inst_e5af0aef9df4935f_97,0.035433,0.104,0.094,0.802,0.6522,0.059055,0.035433,0.051181,first,3.1398,0.9878,0.0,0
inst_67805e020f7c32ff_98,0.012605,0.068,0.014,0.918,0.8966,0.021008,0.012605,0.016807,first,3.0968,0.942,0.016807,4
inst_af7ecc5288f84aa0_99,0.097561,0.028,0.064,0.908,-0.8151,0.004065,0.004065,0.121951,third,3.5935,1.0,0.00813,2
inst_8a24036014e78c9c_100,0.029915,0.198,0.016,0.785,0.9868,0.0,0.0,0.017094,third,3.181,0.8953,0.029915,7
inst_54d728ea19376196_101,0.038627,0.092,0.032,0.876,0.8967,0.038627,0.0,0.017167,first,2.9357,0.8837,0.012876,3
inst_c2efa3eed50ddde7_102,0.026906,0.021,0.019,0.96,0.1027,0.008969,0.0,0.008969,first,3.5865,0.9326,0.017937,4
inst_ba06222bb9fc7059_103,0.042735,0.076,0.055,0.869,0.5023,0.012821,0.0,0.047009,third,3.2625,0.9551,0.042735,10
inst_e0d1087fd18124fc_104,0.033195,0.13,0.051,0.818,0.9555,0.0,0.008299,0.033195,third,3.0278,0.9327,0.012448,3
inst_c8a973b6d97ad6d9_105,0.012448,0.109,0.05,0.842,0.8654,0.0,0.0,0.062241,third,3.0208,0.9694,0.004149,1
inst_4670d3c8f63bf3dd_106,0.032389,0.088,0.041,0.871,0.8779,0.004049,0.0,0.012146,third,3.2309,0.9318,0.032389,8
inst_ee748a543b456d69_107,0.004505,0.059,0.095,0.846,-0.7711,0.0,0.0,0.018018,third,3.3127,0.9794,0.004505,1
inst_8fbb05d486b65d5f_108,0.02834,0.139,0.034,0.828,0.971,0.004049,0.0,0.020243,third,3.0523,0.9307,0.004049,1
inst_b8493327a60888df_109,0.03937,0.0,0.234,0.766,-0.9732,0.015748,0.007874,0.031496,third,3.3145,0.94,0.0,0
inst_73fc722a71336694_110,0.029412,0.07,0.014,0.916,0.8898,0.042017,0.0,0.029412,first,3.2215,0.8947,0.012605,3
inst_1ce009061af451f9_111,0.047945,0.084,0.08,0.836,-0.1109,0.054795,0.013699,0.006849,first,3.4283,0.9231,0.020548,3
inst_c961d24ac71471de_112,0.084677,0.143,0.017,0.84,0.9571,0.068548,0.004032,0.072581,third,2.7654,0.9783,0.004032,1
inst_892fdad8cbfdb041_113,0.013636,0.061,0.035,0.903,0.6542,0.004545,0.0,0.022727,third,3.2888,0.9722,0.018182,4
inst_cbb2b0e3a8c0fdd8_114,0.054393,0.136,0.015,0.848,0.9764,0.050209,0.004184,0.029289,first,3.0713,0.9091,0.0,0
inst_4a9107ec00028361_115,0.016393,0.131,0.028,0.841,0.5302,0.098361,0.032787,0.0,first,2.5781,1.0,0.0,0
inst_7fab32668df12a8b_116,0.012766,0.155,0.019,0.826,0.9766,0.004255,0.004255,0.008511,third,3.8239,0.9596,0.017021,4
inst_45a9763fe36bf1d9_117,0.017241,0.041,0.032,0.927,0.128,0.051724,0.017241,0.0,first,3.2352,1.0,0.017241,1
inst_4fde6be4ce45cc49_118,0.026667,0.108,0.018,0.874,0.9595,0.0,0.0,0.057778,third,3.2682,0.9506,0.013333,3
inst_944245e96ff69aff_119,0.022814,0.047,0.011,0.942,0.6199,0.0,0.0,0.015209,third,3.0205,0.97,0.038023,10
inst_8474feb247700608_120,0.0,0.113,0.0,0.887,0.4215,0.0,0.0,0.0,none,2.96,0.3333,0.030303,1
inst_0aeaec569b1b18f4_121,0.02008,0.059,0.021,0.919,0.765,0.012048,0.0,0.012048,first,3.3754,0.9425,0.012048,3
inst_9092d1543c40dafd_122,0.025532,0.078,0.056,0.866,0.5733,0.008511,0.004255,0.021277,third,3.2324,0.8765,0.017021,4
inst_baf4013f20197af4_123,0.010526,0.114,0.034,0.852,0.9377,0.057895,0.005263,0.078947,third,3.1559,0.9405,0.0,0
inst_710367a63e813ee4_124,0.036,0.275,0.061,0.663,0.9956,0.06,0.024,0.06,first,2.7973,0.98,0.012,3
inst_0eab310f20e88c68_125,0.065327,0.221,0.035,0.745,0.9879,0.015075,0.0,0.045226,third,2.9851,0.974,0.005025,1
inst_c020f5aa95d56c9f_126,0.070312,0.088,0.052,0.86,0.6944,0.023438,0.007812,0.054688,third,3.2127,0.939,0.007812,2
inst_e1539391faec6396_127,0.014706,0.165,0.027,0.808,0.9737,0.044118,0.009804,0.02451,first,3.0937,0.9556,0.029412,6
inst_20dd04a3c0a2603e_128,0.078603,0.114,0.059,0.827,0.9514,0.0,0.0,0.100437,third,3.3046,1.0,0.004367,1
inst_8d2dafb9bf92c19d_129,0.021008,0.05,0.05,0.9,-0.2263,0.008403,0.004202,0.004202,first,3.322,0.9213,0.021008,5
inst_c79d28a01ba264e7_130,0.066667,0.048,0.086,0.866,-0.7351,0.012121,0.0,0.048485,third,2.888,0.9434,0.006061,1
inst_10ffe4894407f7d7_131,0.012448,0.025,0.029,0.946,0.0772,0.0,0.0,0.004149,third,2.8334,0.859,0.029046,7
inst_9cf8fce97eb03f87_132,0.044843,0.102,0.0,0.898,0.9571,0.013453,0.004484,0.076233,third,3.0957,0.989,0.017937,4
inst_79c9a8cfc691be6b_133,0.046875,0.096,0.091,0.814,0.2533,0.015625,0.007812,0.0625,third,2.5766,0.9886,0.003906,1
inst_7e93eaf2cf9aa02a_134,0.012552,0.143,0.064,0.793,0.9553,0.012552,0.0,0.029289,third,3.382,0.8925,0.004184,1
inst_252b27d483706053_135,0.029412,0.142,0.078,0.78,0.8805,0.063025,0.0,0.037815,first,2.8594,0.8901,0.012605,3
inst_9e3e7aae91e83801_136,0.079295,0.091,0.093,0.817,-0.128,0.030837,0.0,0.017621,first,3.1107,0.9535,0.026432,6
inst_e3706e8f58c4ebcc_137,0.035714,0.0,0.0,1.0,0.0,0.003968,0.0,0.003968,first,3.0918,0.7586,0.0,0
inst_621bf76402e6c5a2_138,0.043668,0.048,0.056,0.897,0.0992,0.004367,0.0,0.021834,third,3.0263,0.898,0.021834,5
inst_6de7091776edbe16_139,0.00905,0.064,0.102,0.834,-0.9065,0.0,0.0,0.00905,third,3.1045,0.9412,0.0181,4
inst_ab9a423ffd6d783f_140,0.05042,0.174,0.046,0.78,0.9728,0.054622,0.012605,0.033613,first,3.1665,0.99,0.016807,4
inst_90c030bb9fe1b6d3_141,0.032389,0.125,0.0,0.875,0.9774,0.024291,0.0,0.032389,third,3.1151,0.9481,0.040486,10
inst_411f1d5ab4e0033f_142,0.066079,0.032,0.041,0.927,-0.4019,0.008811,0.0,0.061674,third,2.9838,0.9663,0.0,0
inst_fd9fa736406b1072_143,0.044248,0.031,0.074,0.895,-0.836,0.0,0.0,0.00885,third,3.2692,0.9813,0.035398,8
inst_10f23dfb5ea9dc8c_144,0.0,0.0,0.0,1.0,0.0,0.0,0.0,0.0,none,3.1852,0.8214,0.034884,3
inst_21ec006a40248963_145,0.030568,0.038,0.081,0.881,-0.8463,0.0,0.0,0.030568,third,3.2405,0.9032,0.030568,7
inst_fa204faebd55791a_146,0.054167,0.042,0.0,0.958,0.8225,0.0,0.0,0.008333,third,3.1012,0.8991,0.008333,2
inst_fac06c36ab248e69_147,0.008772,0.091,0.0,0.909,0.9109,0.004386,0.0,0.035088,third,2.8208,0.987,0.008772,2
inst_53b174125903932f_148,0.0,0.062,0.063,0.876,0.5789,0.013274,0.0,0.00885,first,3.5509,0.9479,0.004425,1
inst_ae28f2f789a7ff65_149,0.016461,0.135,0.053,0.812,0.9575,0.024691,0.0,0.037037,third,2.9776,0.95,0.0,0
inst_c15b3d8cde2fe5b2_150,0.043307,0.058,0.018,0.924,0.8233,0.043307,0.015748,0.011811,first,3.139,0.8966,0.003937,1
inst_3daf621084887137_151,0.091743,0.148,0.078,0.774,0.9315,0.045872,0.0,0.045872,first,3.3176,0.9677,0.013761,3
inst_210623112b8bcaf3_152,0.069124,0.084,0.04,0.876,0.8479,0.064516,0.009217,0.046083,first,3.2833,1.0,0.0,0
inst_5bec51d1f9d1f267_153,0.056277,0.029,0.018,0.953,0.3182,0.0,0.0,0.069264,third,2.9022,0.9273,0.038961,9
inst_4e820c19a81a6bc9_154,0.007843,0.013,0.141,0.846,-0.9658,0.113725,0.003922,0.027451,first,2.9426,0.957,0.015686,4
inst_c9b8752955a19bc1_155,0.032967,0.057,0.087,0.856,-0.6369,0.076923,0.0,0.038462,first,3.1081,0.8824,0.0,0
inst_9fcacbcdcec4ab61_156,0.0,0.113,0.02,0.867,0.9353,0.007407,0.0,0.0,first,2.8932,0.6538,0.044444,12
inst_a0143f80d279276a_157,0.059829,0.08,0.073,0.847,-0.3164,0.068376,0.004274,0.008547,first,3.3428,0.9806,0.008547,2
inst_851725685b39b606_158,0.045113,0.13,0.167,0.703,-0.6558,0.030075,0.015038,0.090226,third,2.7077,1.0,0.0,0
inst_883d8de720daa4ae_159,0.08,0.05,0.037,0.912,0.4359,0.08,0.0,0.028571,first,3.3327,0.9483,0.04,7
inst_79a16c2695bff32e_160,0.033058,0.105,0.019,0.876,0.9571,0.004132,0.0,0.016529,third,3.0675,0.7556,0.033058,8
inst_c97702ad19b6a8e1_161,0.058824,0.08,0.038,0.882,0.8504,0.090498,0.004525,0.022624,first,3.1907,0.9884,0.027149,6
inst_626ff7f84697812d_162,0.017467,0.129,0.0,0.871,0.9756,0.004367,0.0,0.034934,third,2.9932,0.9775,0.0,0
inst_af1312317065c178_163,0.079832,0.082,0.024,0.894,0.9131,0.02521,0.008403,0.07563,third,2.9255,0.967,0.021008,5
inst_0d43b301a5ba64df_164,0.021552,0.093,0.085,0.822,0.5629,0.064655,0.034483,0.017241,first,2.927,0.9574,0.008621,2
inst_0e140961b003f007_165,0.099099,0.095,0.064,0.841,0.7841,0.0,0.0,0.076577,third,3.2244,0.9531,0.009009,2
inst_f1cf0263af342777_166,0.07438,0.038,0.09,0.873,-0.836,0.0,0.0,0.053719,third,2.8843,0.9255,0.008264,2
inst_2d5cd3913ae3f9e3_167,0.105023,0.007,0.043,0.95,-0.7227,0.0,0.0,0.031963,third,3.5282,0.9647,0.018265,4
inst_3f5f14413a9597e0_168,0.040179,0.119,0.134,0.746,-0.1027,0.040179,0.0,0.09375,third,2.9901,1.0,0.008929,2
inst_4a8de2e0b26b602d_169,0.008333,0.101,0.185,0.714,-0.9692,0.0,0.025,0.0375,third,3.046,0.9897,0.0125,3
inst_467eb59713414a17_170,0.076503,0.099,0.048,0.852,0.9199,0.0,0.0,0.016393,third,3.7014,0.9861,0.005464,1
inst_847099aba5b24e98_171,0.039823,0.014,0.065,0.921,-0.7964,0.0,0.0,0.022124,third,3.4057,0.974,0.00885,2
inst_6691740ee56d4c8f_172,0.034632,0.144,0.128,0.729,0.4391,0.017316,0.008658,0.017316,first,3.0804,0.9615,0.0,0
inst_88ef24194cd95125_173,0.041667,0.127,0.037,0.836,0.9504,0.027778,0.00463,0.046296,third,3.0024,0.9706,0.00463,1
inst_67726d53dfd0cc2d_174,0.039301,0.293,0.0,0.707,0.9962,0.069869,0.039301,0.026201,first,2.8413,0.9247,0.0,0
inst_3bc8ad0d367bc511_175,0.03719,0.13,0.05,0.82,0.9442,0.049587,0.008264,0.024793,first,2.8105,0.9787,0.004132,1
inst_91ccc68187b7f3e4_176,0.037657,0.0,0.0,1.0,0.0,0.0,0.0,0.008368,third,3.0496,0.9178,0.008368,2
inst_cfba1fd738d91ec0_177,0.021277,0.205,0.008,0.787,0.9907,0.017021,0.0,0.012766,first,3.2639,0.9694,0.004255,1
inst_02c4c3f6be248401_178,0.034483,0.118,0.058,0.824,0.9391,0.021552,0.0,0.043103,third,3.0341,0.9355,0.008621,2
inst_5599cebeaf0b2473_179,0.0625,0.367,0.0,0.633,0.9685,0.109375,0.0,0.0,first,3.0758,1.0,0.015625,1
inst_b518703ce90f4714_180,0.004902,0.011,0.014,0.975,-0.1027,0.0,0.0,0.004902,third,3.9769,0.8986,0.009804,2
inst_501447c5571d84e8_181,0.0,0.032,0.0,0.968,0.743,0.0,0.0,0.012766,third,2.9544,0.6757,0.038298,9
inst_6c2b1f9421f15750_182,0.030043,0.107,0.0,0.893,0.9349,0.0,0.0,0.012876,third,3.1028,0.8272,0.004292,1
inst_15d83344d4cd610d_183,0.015748,0.092,0.072,0.836,0.2896,0.062992,0.0,0.027559,first,3.1938,0.9451,0.019685,5
inst_56477690f653b664_184,0.021277,0.209,0.036,0.755,0.9927,0.046809,0.004255,0.025532,first,2.9039,0.9875,0.021277,5
inst_1db61c72f980555f_185,0.077273,0.106,0.1,0.794,-0.0998,0.104545,0.013636,0.004545,first,2.8532,0.9888,0.013636,3
inst_a09b5e1e7310b71e_186,0.0,0.204,0.0,0.796,0.9508,0.021277,0.031915,0.010638,second,2.8026,1.0,0.010638,1
inst_18a897cae8473ee1_187,0.021552,0.063,0.032,0.905,0.6332,0.012931,0.0,0.030172,third,2.9845,0.9697,0.00431,1
inst_cfcfa9ecd8297323_188,0.023669,0.113,0.038,0.848,0.904,0.035503,0.04142,0.017751,second,2.8761,0.8947,0.029586,5
inst_db52c57fec7e402d_189,0.017778,0.276,0.021,0.703,0.9959,0.071111,0.004444,0.044444,first,2.9874,0.9714,0.004444,1
inst_86e224968af7f29a_190,0.07265,0.066,0.008,0.926,0.8573,0.012821,0.0,0.017094,third,2.7914,0.9785,0.008547,2
inst_fd3afebfe5c286fe_191,0.0,0.086,0.011,0.904,0.8225,0.0,0.0,0.007463,third,3.44,0.9242,0.0,0
inst_caa188d0efe5f333_192,0.038136,0.057,0.056,0.887,0.0387,0.004237,0.0,0.029661,third,3.2416,0.9062,0.012712,3
inst_625d1ab13fb44bd1_193,0.064655,0.144,0.022,0.834,0.9712,0.0,0.0,0.051724,third,3.1929,0.9286,0.017241,4
inst_b0de8cc38be496b6_194,0.021097,0.06,0.037,0.903,0.6908,0.0,0.0,0.012658,third,3.6313,0.977,0.012658,3
inst_25810e46167d5426_195,0.047009,0.15,0.062,0.788,0.9648,0.07265,0.0,0.021368,first,2.9674,0.96,0.029915,7
inst_18fbdfe03600d6e0_196,0.022124,0.18,0.041,0.779,0.9841,0.084071,0.0,0.035398,first,2.9027,0.9773,0.00885,2
inst_f181bfcd49903071_197,0.028571,0.138,0.0,0.862,0.9849,0.008163,0.004082,0.057143,third,2.9965,1.0,0.04898,12
inst_e5e38ed2cc7196cd_198,0.024691,0.045,0.054,0.902,-0.7013,0.028807,0.012346,0.016461,first,3.2628,0.9792,0.00823,2
inst_12abac9ec238269c_199,0.016,0.067,0.0,0.933,0.8999,0.02,0.0,0.044,third,3.51,0.8571,0.008,2
inst_ae324145cb5f79cc_200,0.017021,0.048,0.009,0.943,0.8268,0.012766,0.0,0.025532,third,3.1178,0.9205,0.029787,7
inst_af608b9ff115e8f6_201,0.029787,0.058,0.0,0.942,0.8689,0.008511,0.0,0.012766,third,2.9978,1.0,0.017021,4
inst_a1a0aa3fb7a12107_202,0.083333,0.0,0.042,0.958,-0.6124,0.090909,0.0,0.05303,first,3.3862,0.9636,0.007576,1
inst_68915fcee56320ad_203,0.032787,0.298,0.02,0.682,0.9493,0.04918,0.04918,0.032787,first,2.7018,1.0,0.0,0
inst_2f25c97c2f639be6_204,0.021459,0.154,0.031,0.815,0.9783,0.030043,0.034335,0.06867,third,3.0459,0.9881,0.008584,2
inst_10c8d9049c1ba832_205,0.0,0.046,0.048,0.906,-0.3182,0.0,0.0,0.004237,third,3.1958,0.8955,0.038136,9
inst_6d34fb9d4b443a5c_206,0.034632,0.214,0.023,0.763,0.9894,0.0,0.0,0.012987,third,3.1099,1.0,0.008658,2
inst_3060be81e53ae968_207,0.013514,0.111,0.027,0.862,0.9391,0.027027,0.013514,0.031532,third,2.9256,0.9403,0.0,0
inst_4201aabff15579c4_208,0.00905,0.107,0.054,0.839,0.8954,0.036199,0.0,0.027149,first,3.0341,0.9327,0.004525,1
inst_fc63e2a8e83d2994_209,0.049107,0.059,0.051,0.89,0.1548,0.004464,0.0,0.004464,first,3.1273,0.9677,0.013393,3
inst_59f59ccce6dca381_210,0.022124,0.104,0.014,0.881,0.9438,0.0,0.0,0.022124,third,3.1574,0.9167,0.022124,5
inst_690cc88c37cbbfae_211,0.029268,0.109,0.035,0.856,0.9349,0.0,0.0,0.009756,third,3.1945,0.9697,0.0,0
inst_2024609800957d96_212,0.025974,0.158,0.022,0.82,0.875,0.038961,0.0,0.025974,first,3.5742,0.9394,0.012987,1
inst_b9d87f538172a097_213,0.012195,0.206,0.0,0.794,0.9913,0.004065,0.020325,0.02439,third,3.4687,0.9238,0.004065,1
inst_ff09ee829304dc94_214,0.04329,0.116,0.014,0.87,0.9575,0.069264,0.004329,0.047619,first,3.3617,0.9231,0.004329,1
inst_99faa25362248ece_215,0.026201,0.162,0.129,0.709,0.9285,0.069869,0.0131,0.026201,first,2.7616,0.977,0.0131,3
inst_f0be832cf7562fa4_216,0.061947,0.041,0.152,0.807,-0.9799,0.0,0.0,0.030973,third,2.6044,0.9551,0.0,0
inst_7962c0806d2fa3fa_217,0.05,0.0,0.0,1.0,0.0,0.0,0.0,0.0,none,3.5412,0.9615,0.05,3
inst_77d49f905627e25c_218,0.02459,0.056,0.0,0.944,0.8466,0.065574,0.020492,0.004098,first,3.276,0.9619,0.036885,9
inst_024b845f67b0980c_219,0.022026,0.167,0.0,0.833,0.988,0.0,0.0,0.017621,third,2.9648,0.9677,0.017621,4
inst_ca65930dc71d9f9e_220,0.00431,0.108,0.0,0.892,0.9699,0.025862,0.0,0.030172,third,3.2709,0.9355,0.00431,1
inst_a546570bbc2bb80b_221,0.035533,0.128,0.0,0.872,0.9682,0.030457,0.0,0.010152,first,2.8327,0.9808,0.030457,6
inst_5d161619bc2ef976_222,0.05,0.069,0.09,0.841,-0.5389,0.008333,0.004167,0.008333,first,3.3083,0.9694,0.033333,8
inst_708983da76ed4b1d_223,0.0,0.163,0.081,0.757,0.96,0.081522,0.0,0.032609,first,3.0117,1.0,0.005435,1
inst_859dbf64dcc326ea_224,0.012121,0.059,0.0,0.941,0.7964,0.030303,0.0,0.0,first,3.122,0.92,0.018182,3
inst_99d2cdfc24d0c760_225,0.030303,0.083,0.034,0.883,0.8834,0.017316,0.004329,0.034632,third,3.2577,0.9326,0.004329,1
inst_d0964695b034bb53_226,0.027149,0.118,0.014,0.868,0.97,0.00905,0.0,0.00905,first,2.9767,0.9892,0.0181,4
inst_4058ce8457f87bb6_227,0.086957,0.197,0.029,0.774,0.9878,0.110672,0.027668,0.035573,first,2.7172,0.9091,0.007905,2
inst_f18c25dac241e1cb_228,0.044843,0.041,0.007,0.952,0.6829,0.022422,0.022422,0.03139,third,3.4107,0.8889,0.008969,2
inst_c130019c33e2f51f_229,0.034091,0.21,0.008,0.782,0.9927,0.007576,0.003788,0.068182,third,3.2174,0.9457,0.037879,10
inst_1d66e2020f195a70_230,0.051948,0.055,0.085,0.86,-0.8067,0.004329,0.0,0.034632,third,3.1846,0.963,0.008658,2
inst_a0950167f196809a_231,0.034934,0.156,0.083,0.761,0.9538,0.048035,0.030568,0.0131,first,3.0114,0.9405,0.0131,3
inst_ae8f61376c114ff0_232,0.028226,0.013,0.091,0.896,-0.9432,0.008065,0.0,0.032258,third,3.2447,0.9565,0.012097,3
inst_e1ed67f246eef365_233,0.049587,0.039,0.101,0.86,-0.9011,0.0,0.020661,0.045455,third,3.0472,0.987,0.008264,2
inst_fde60486aea815da_234,0.042857,0.051,0.01,0.939,0.8126,0.0,0.0,0.009524,third,3.1293,0.9468,0.004762,1
inst_bdd2a06693ee7e1c_235,0.059829,0.177,0.0,0.823,0.9499,0.068376,0.008547,0.051282,first,2.633,0.9565,0.008547,1
inst_288347f27b6b7833_236,0.038674,0.081,0.053,0.866,0.3182,0.049724,0.022099,0.01105,first,2.8899,0.987,0.005525,1
inst_6db40f6f33fcefbe_237,0.004219,0.086,0.025,0.889,0.8872,0.0,0.0,0.004219,third,3.4415,0.99,0.008439,2
inst_0c9381e5dbfaea50_238,0.073394,0.051,0.0,0.949,0.5859,0.0,0.0,0.009174,third,3.7797,0.9474,0.036697,4
inst_e66ac9a0ace80580_239,0.039301,0.054,0.06,0.886,-0.0781,0.0,0.0,0.061135,third,3.2851,1.0,0.0,0
inst_68b66617205cc71e_240,0.048913,0.111,0.111,0.777,-0.4544,0.038043,0.0,0.043478,third,2.9128,0.975,0.0,0
inst_9b5d6948eea143f5_241,0.037815,0.034,0.015,0.951,0.4404,0.0,0.0,0.02521,third,3.3594,0.908,0.029412,7
inst_da1495d425a5b279_242,0.025316,0.215,0.035,0.75,0.9722,0.006329,0.0,0.056962,third,3.3276,0.9538,0.006329,1
inst_679cdb30408837fc_243,0.022624,0.185,0.012,0.802,0.9889,0.058824,0.004525,0.004525,first,2.8045,0.9902,0.031674,7
inst_2bf9f6aae83ebbad_244,0.080645,0.062,0.0,0.938,0.9109,0.016129,0.0,0.03629,third,3.2735,0.9881,0.032258,8
inst_4aff936ae19b0195_245,0.048193,0.158,0.017,0.825,0.9857,0.02008,0.0,0.028112,third,3.0816,1.0,0.044177,11
inst_32eace5d9228b238_246,0.02649,0.163,0.049,0.788,0.9236,0.046358,0.006623,0.019868,first,3.1813,0.9167,0.0,0
inst_5244e066e1acf143_247,0.062762,0.107,0.0,0.893,0.9618,0.0,0.0,0.062762,third,3.0533,0.9296,0.012552,3
inst_1b12b20af3ccb356_248,0.035556,0.066,0.0,0.934,0.8834,0.0,0.0,0.026667,third,3.3939,0.973,0.044444,10
inst_46fd19cbc2463c68_249,0.078947,0.097,0.068,0.835,0.6428,0.035088,0.0,0.039474,third,3.1431,0.9176,0.026316,6
inst_576791560805ffa4_250,0.025862,0.04,0.0,0.96,0.7096,0.0,0.0,0.0,none,3.3248,0.9655,0.034483,8
inst_364d5f0760b8c930_251,0.0,0.075,0.04,0.886,0.4466,0.0,0.0,0.0,none,3.6585,0.7647,0.040541,3
inst_d7cd55686b44d19c_252,0.04918,0.009,0.014,0.978,-0.2406,0.0,0.0,0.036885,third,3.2502,1.0,0.028689,7
inst_2e77b26c936452fa_253,0.075314,0.091,0.013,0.896,0.9538,0.075314,0.012552,0.033473,first,3.1286,0.9677,0.020921,5
inst_38d676b48cd72593_254,0.026316,0.044,0.0,0.956,0.4019,0.0,0.0,0.013158,third,3.5591,0.92,0.026316,2
inst_668773d4a300d780_255,0.051724,0.05,0.065,0.885,-0.4588,0.021552,0.0,0.056034,third,3.2407,0.988,0.008621,2
inst_6025e74432b1f079_256,0.056911,0.214,0.046,0.74,0.9649,0.03252,0.0,0.01626,first,3.12,1.0,0.02439,3
inst_aaf44d798f516c45_257,0.089385,0.042,0.105,0.854,-0.8779,0.083799,0.0,0.089385,third,3.2114,0.9697,0.005587,1
inst_955025fab9744062_258,0.05042,0.125,0.0,0.875,0.9392,0.016807,0.016807,0.02521,third,3.3114,0.9362,0.02521,3
inst_c29aedd762955f1f_259,0.061404,0.017,0.039,0.943,-0.5012,0.030702,0.013158,0.02193,first,2.9369,0.9551,0.017544,4
inst_bbc4212732570d97_260,0.088372,0.149,0.046,0.806,0.9673,0.069767,0.004651,0.037209,first,3.0746,0.9863,0.013953,3
inst_254374d58e314c35_261,0.019685,0.072,0.022,0.906,0.8834,0.027559,0.027559,0.011811,first,2.7585,0.8462,0.0,0
inst_b6eed70d62b3c2a0_262,0.017167,0.052,0.054,0.894,0.1154,0.0,0.0,0.0,none,3.7163,0.9326,0.004292,1
inst_29ceb3551e2bf8ce_263,0.047009,0.011,0.02,0.97,-0.2144,0.0,0.0,0.0,none,3.1361,0.7778,0.008547,2
inst_aff99ec511b59ccb_264,0.0,0.0,0.087,0.913,-0.7096,0.0,0.0,0.0,none,3.6117,0.9474,0.034884,3
inst_2b21836be4644aec_265,0.061111,0.047,0.113,0.84,-0.8836,0.0,0.0,0.011111,third,3.8312,0.961,0.011111,2
inst_e28cc0122b1ad179_266,0.040541,0.104,0.077,0.818,0.6124,0.0,0.0,0.018018,third,3.3564,0.981,0.027027,6
inst_c8c80bcdbbfb4556_267,0.055,0.054,0.063,0.883,-0.1677,0.025,0.015,0.005,first,3.0368,0.9615,0.055,11
inst_c910b7894a0fc365_268,0.030568,0.043,0.032,0.925,0.3182,0.008734,0.0,0.034934,third,2.8721,0.7887,0.0131,3
inst_216f62fca72f16bf_269,0.056277,0.012,0.193,0.795,-0.9892,0.0,0.0,0.04329,third,3.4697,0.9773,0.017316,4
inst_79919a14a25d55e3_270,0.044355,0.076,0.034,0.891,0.7003,0.0,0.0,0.040323,third,3.1862,1.0,0.020161,5
inst_83110d92ecbe8198_271,0.023904,0.128,0.036,0.835,0.9372,0.031873,0.003984,0.011952,first,3.2078,0.89,0.007968,2
inst_8f8fcdb84b4c4fd2_272,0.028807,0.027,0.212,0.761,-0.9903,0.004115,0.0,0.028807,third,3.1808,0.9775,0.012346,3
inst_a78157a44ff2fb3e_273,0.07234,0.067,0.071,0.862,-0.25,0.0,0.0,0.076596,third,3.4882,0.9785,0.021277,5
inst_4005ceef386a48e9_274,0.032787,0.035,0.066,0.899,-0.3557,0.032787,0.0,0.016393,first,3.2989,0.9737,0.016393,2
inst_1a31c798f0134778_275,0.007843,0.036,0.059,0.904,-0.5707,0.011765,0.0,0.0,first,3.3842,0.9238,0.058824,15
inst_85eca38bd9f6a5f0_276,0.052402,0.013,0.112,0.875,-0.969,0.017467,0.0,0.021834,third,3.1501,0.9577,0.021834,5
inst_147fe05f2a4896f4_277,0.022422,0.153,0.007,0.84,0.9674,0.013453,0.0,0.008969,first,3.0755,0.975,0.017937,4
inst_8e91780911500ae9_278,0.056522,0.088,0.069,0.843,0.25,0.0,0.0,0.06087,third,2.7621,0.9468,0.008696,2
inst_227258c36dd1cec4_279,0.030075,0.125,0.067,0.808,0.807,0.052632,0.037594,0.015038,first,3.4909,0.9825,0.0,0
inst_8ca22bcdcb75f509_280,0.053097,0.122,0.007,0.871,0.9761,0.035398,0.0,0.013274,first,3.4818,0.9307,0.026549,6
inst_65c9a1090e6caaeb_281,0.026316,0.116,0.025,0.859,0.9552,0.004386,0.0,0.0,first,3.1042,0.787,0.017544,4
inst_5a19d0099f0c3f3a_282,0.00813,0.086,0.087,0.827,-0.5187,0.004065,0.0,0.069106,third,2.8287,0.9659,0.00813,2
inst_847f5307a3cdc95d_283,0.029289,0.148,0.033,0.818,0.9802,0.029289,0.004184,0.046025,third,3.0377,0.9419,0.008368,2
inst_336ff147f05f3c75_284,0.09375,0.083,0.037,0.88,0.892,0.0625,0.005208,0.026042,first,3.027,0.9467,0.015625,3
inst_bdc16a34ceb36516_285,0.042194,0.052,0.025,0.923,0.6837,0.0,0.0,0.012658,third,3.1293,0.9462,0.008439,2
inst_edbbc01e3fc00a46_286,0.012766,0.096,0.113,0.791,-0.7662,0.025532,0.021277,0.025532,first,3.0663,0.9368,0.004255,1
inst_03bf3af464ecdb77_287,0.025751,0.081,0.011,0.908,0.9274,0.012876,0.0,0.034335,third,3.3289,0.9231,0.012876,3
inst_df02322d7cbad8df_288,0.051724,0.156,0.056,0.787,0.9652,0.0,0.0,0.021552,third,3.0695,0.9432,0.017241,4
inst_4a6f132a74c3144b_289,0.015748,0.166,0.031,0.802,0.956,0.015748,0.031496,0.023622,second,2.6722,0.9474,0.0,0
inst_ed9b5668fb3a8881_290,0.044643,0.163,0.092,0.745,0.939,0.03125,0.004464,0.040179,third,3.0054,0.9545,0.0,0
inst_703a3723bc25ea30_291,0.025253,0.099,0.012,0.888,0.926,0.0,0.0,0.0,none,3.0859,0.9242,0.015152,3
inst_e09bf1f424b54f77_292,0.04386,0.093,0.027,0.879,0.8712,0.030702,0.0,0.02193,first,3.3598,0.9053,0.004386,1
inst_a6136ed643912f64_293,0.016129,0.113,0.0,0.887,0.9708,0.028226,0.0,0.012097,first,2.8976,0.8333,0.0,0
inst_585ab358f3b9b8b9_294,0.066986,0.051,0.034,0.915,0.25,0.019139,0.0,0.038278,third,3.6223,1.0,0.023923,5
inst_f1daa38d0457554b_295,0.060465,0.035,0.0,0.965,0.6059,0.004651,0.0,0.013953,third,2.9414,0.9474,0.004651,1
inst_f1971dc59b4b3a8e_296,0.045249,0.046,0.121,0.833,-0.9442,0.013575,0.0,0.013575,first,3.3437,0.974,0.036199,8
inst_2c06e07021e0332f_297,0.045977,0.167,0.032,0.801,0.9688,0.022989,0.0,0.04023,third,2.8031,0.96,0.0,0
inst_c37fb60a7f08164e_298,0.012397,0.035,0.006,0.96,0.7003,0.0,0.0,0.03719,third,2.8397,0.875,0.024793,6
inst_7c3bbb784121bca2_299,0.075556,0.134,0.044,0.822,0.9555,0.088889,0.0,0.026667,first,3.3687,0.9882,0.008889,2
inst_06b98fcd3841d59c_300,0.091703,0.174,0.079,0.747,0.9787,0.008734,0.004367,0.100437,third,3.1867,0.9659,0.039301,9
inst_e95fe786605058e3_301,0.022026,0.062,0.108,0.83,-0.8834,0.022026,0.0,0.022026,first,3.2385,1.0,0.008811,2
inst_1d3274889b64c1ee_302,0.078261,0.068,0.142,0.79,-0.9272,0.008696,0.004348,0.017391,third,3.1955,0.9889,0.017391,4
inst_68139b23541d1511_303,0.018018,0.103,0.189,0.707,-0.9674,0.004505,0.0,0.009009,third,3.1163,0.903,0.0,0
inst_998ee881f5ae77d1_304,0.042918,0.035,0.045,0.919,-0.4939,0.0,0.0,0.012876,third,3.192,0.8929,0.030043,7
inst_39fe683e296f1448_305,0.051064,0.093,0.01,0.897,0.8943,0.0,0.0,0.051064,third,3.2018,0.9342,0.051064,12
inst_43c3bbe21a715fd0_306,0.03937,0.031,0.011,0.958,0.6249,0.0,0.0,0.019685,third,3.1788,0.8804,0.019685,5
inst_d2004e8e9de6d59e_307,0.025641,0.139,0.007,0.854,0.9765,0.021368,0.017094,0.017094,first,2.9111,0.9655,0.012821,3
inst_70da33811a04ab78_308,0.047847,0.077,0.048,0.875,0.7182,0.033493,0.009569,0.038278,third,3.6361,1.0,0.004785,1
inst_ed33d426a018c275_309,0.04,0.048,0.093,0.858,-0.3989,0.1,0.0,0.02,first,3.06,1.0,0.02,1
inst_32da76663c988ebe_310,0.049261,0.142,0.012,0.846,0.9674,0.0,0.0,0.034483,third,3.2386,0.9565,0.044335,9
inst_ff9808fdaa371760_311,0.056452,0.051,0.12,0.83,-0.9112,0.032258,0.008065,0.044355,third,3.1594,0.9765,0.0,0
inst_27e35e23ee250994_312,0.063025,0.139,0.0,0.861,0.9851,0.0,0.0,0.046218,third,3.2395,0.988,0.004202,1
inst_1e60153db1a2ac66_313,0.020243,0.116,0.0,0.884,0.9661,0.02834,0.0,0.016194,first,2.9106,0.9341,0.012146,3
inst_9560e3dd073111e6_314,0.0,0.078,0.078,0.845,-0.0129,0.0,0.0,0.086957,third,3.3004,0.9506,0.004348,1
inst_52553dc7f4d9b3d8_315,0.028846,0.089,0.073,0.838,0.6474,0.019231,0.009615,0.019231,first,3.0786,0.9744,0.033654,7
inst_38d62c803c191be1_316,0.034965,0.102,0.0,0.898,0.891,0.020979,0.0,0.013986,first,3.0532,0.9615,0.0,0
inst_1ee855288cff0126_317,0.083333,0.108,0.069,0.823,0.5855,0.015152,0.0,0.083333,third,2.7754,0.9825,0.0,0
inst_b846deacffaee23f_318,0.008658,0.087,0.047,0.866,0.8338,0.0,0.0,0.038961,third,3.0484,1.0,0.025974,6
inst_01d7b7d3a069510a_319,0.044776,0.0,0.0,1.0,0.0,0.0,0.0,0.014925,third,3.2706,0.8571,0.014925,1
inst_7d4967e56c316706_320,0.013216,0.042,0.037,0.92,0.4588,0.0,0.0,0.013216,third,3.0906,0.8718,0.004405,1
inst_d4cc4c2d867456a0_321,0.012245,0.103,0.011,0.887,0.9527,0.0,0.0,0.012245,third,3.2564,0.9551,0.008163,2
inst_87097905bef84090_322,0.044444,0.016,0.101,0.883,-0.9592,0.0,0.0,0.013333,third,3.2884,0.9639,0.008889,2
inst_bd37bb497f29c672_323,0.036585,0.051,0.065,0.885,-0.1796,0.012195,0.012195,0.044715,third,3.2504,0.9423,0.00813,2
inst_8e4a6ea8eda69c25_324,0.066079,0.011,0.041,0.948,-0.6191,0.004405,0.0,0.07489,third,3.4357,1.0,0.013216,3
inst_bc2066042a07623f_325,0.047619,0.034,0.0,0.966,0.7717,0.0,0.0,0.019841,third,3.2,0.9833,0.031746,8
inst_3f854d19f2738d0c_326,0.076596,0.17,0.0,0.83,0.979,0.042553,0.0,0.042553,first,2.8742,0.967,0.012766,3
inst_e0ba08d298774bd0_327,0.03125,0.036,0.133,0.831,-0.9607,0.0,0.0,0.0,none,3.0651,0.9537,0.013393,3
inst_9d5ecb6a0ff3be9d_328,0.004032,0.041,0.058,0.902,-0.34,0.0,0.0,0.008065,third,3.2745,0.8929,0.0,0
inst_e5df6df9d0b45edb_329,0.064103,0.071,0.021,0.907,0.8807,0.0,0.0,0.017094,third,3.7732,0.9818,0.012821,3
inst_2cff3f9a92051a94_330,0.060086,0.095,0.093,0.812,0.5423,0.0,0.0,0.051502,third,3.3062,0.9279,0.004292,1
inst_d4a8281c3e9d5451_331,0.07173,0.078,0.043,0.88,0.8074,0.0,0.0,0.025316,third,3.4101,1.0,0.016878,4
inst_442b1e2fdb08ebf0_332,0.055556,0.054,0.026,0.92,0.4497,0.0,0.0,0.064103,third,3.0891,0.9565,0.017094,4
inst_2bf2f4ae73abab40_333,0.031088,0.0,0.083,0.917,-0.9353,0.0,0.0,0.0,none,3.3148,0.6042,0.036269,7
inst_2ccf667d5b0ef309_334,0.036145,0.125,0.0,0.875,0.8658,0.0,0.0,0.0,none,3.0826,0.9512,0.0,0
inst_28eb10c98868dcce_335,0.064103,0.123,0.041,0.836,0.9326,0.0,0.0,0.081197,third,3.2365,0.9762,0.008547,2
inst_3563eddfd5d7ad3c_336,0.03211,0.045,0.176,0.78,-0.9816,0.027523,0.0,0.03211,third,3.0797,0.9875,0.013761,3
inst_ea1dcbc540fc56a9_337,0.061674,0.053,0.083,0.864,-0.8225,0.0,0.0,0.008811,third,3.153,0.9775,0.013216,3
inst_3897b02985a9cbb1_338,0.020661,0.162,0.029,0.809,0.9781,0.0,0.0,0.016529,third,3.3671,0.8857,0.033058,8
inst_c82d95aeca386c14_339,0.052402,0.075,0.011,0.914,0.867,0.069869,0.004367,0.026201,first,3.0638,0.9684,0.017467,4
inst_168b0408a2a7753b_340,0.100877,0.095,0.058,0.848,0.7102,0.04386,0.0,0.074561,third,3.0416,0.988,0.008772,2
inst_a28b5362d5487144_341,0.008969,0.175,0.0,0.825,0.9904,0.0,0.0,0.040359,third,3.1648,0.9538,0.008969,2
inst_0b0e35f345c4e2a8_342,0.030702,0.159,0.172,0.668,-0.8437,0.039474,0.017544,0.030702,first,2.8284,0.9588,0.004386,1
inst_647cc93437d6c045_343,0.033816,0.158,0.0,0.842,0.9806,0.0,0.009662,0.024155,third,3.3175,0.9342,0.043478,9
inst_c9a2e46179f09860_344,0.036364,0.197,0.0,0.803,0.9903,0.004545,0.0,0.068182,third,3.2582,0.9364,0.013636,3
inst_478896eaf5405e62_345,0.012903,0.154,0.103,0.744,0.8433,0.083871,0.0,0.03871,first,3.0666,0.9636,0.0,0
inst_313466794908667b_346,0.070796,0.125,0.099,0.777,0.5927,0.035398,0.061947,0.017699,second,2.8376,0.9375,0.0,0
inst_0f4566a1a18ec84d_347,0.016736,0.094,0.011,0.895,0.9398,0.004184,0.0,0.008368,third,2.8058,0.7672,0.0,0
inst_dce8d6909183a22f_348,0.045455,0.089,0.035,0.876,0.9022,0.0,0.0,0.004545,third,3.3262,0.9286,0.036364,8
inst_c50c2be060acaa18_349,0.0,0.073,0.032,0.895,0.8074,0.00813,0.004065,0.012195,third,4.048,0.9901,0.004065,1
inst_3400a2a0f4a4a37d_350,0.03125,0.0,0.0,1.0,0.0,0.0,0.0,0.0,none,4.105,1.0,0.0,0
inst_a055ef7148ac7967_351,0.031496,0.0,0.069,0.931,-0.743,0.007874,0.0,0.102362,third,2.8102,0.9362,0.015748,2
inst_b7b92f8ba3a6b1a7_352,0.039648,0.073,0.049,0.878,0.3818,0.0837,0.0,0.030837,first,2.9317,0.9726,0.022026,5
inst_a19dca00a5c91cbd_353,0.054054,0.164,0.0,0.836,0.8316,0.0,0.0,0.054054,third,3.3606,0.9444,0.027027,2
inst_37376213c1c92c53_354,0.059574,0.228,0.056,0.716,0.9886,0.097872,0.0,0.059574,first,2.6418,0.9293,0.0,0
inst_a92f63975afb42ef_355,0.056872,0.068,0.018,0.913,0.846,0.066351,0.009479,0.047393,first,3.3988,0.9857,0.004739,1
inst_2711440c6747044a_356,0.029661,0.056,0.077,0.868,-0.6705,0.004237,0.0,0.038136,third,2.9008,0.9744,0.012712,3
inst_e052446306661f8d_357,0.045455,0.047,0.032,0.921,0.2732,0.0,0.0,0.022727,third,3.6348,0.875,0.011364,1
inst_34db2bd530eaf591_358,0.009756,0.15,0.016,0.835,0.9751,0.019512,0.0,0.029268,third,2.9876,0.9647,0.019512,4
inst_95f4e1be22dd9205_359,0.036885,0.074,0.02,0.906,0.8807,0.012295,0.016393,0.012295,second,3.4394,1.0,0.012295,3
inst_55b3a37f44ba1aee_360,0.061947,0.075,0.026,0.899,0.8402,0.0,0.0,0.00885,third,3.1562,0.9706,0.039823,9
inst_d60ba0437b9309e8_361,0.07234,0.01,0.064,0.926,-0.8271,0.0,0.0,0.017021,third,3.4869,0.96,0.021277,5
inst_35ab5ea8e3213c96_362,0.017467,0.041,0.151,0.807,-0.9746,0.008734,0.0,0.0,first,3.1164,0.9612,0.004367,1
inst_c9486dd474dc5590_363,0.008621,0.086,0.011,0.903,0.91,0.0,0.0,0.008621,third,2.8429,0.9296,0.030172,7
inst_fcf5129ae051f883_364,0.00823,0.123,0.037,0.84,0.9454,0.049383,0.012346,0.004115,first,2.9083,0.9048,0.012346,3
inst_cd27a6b64a77a4cd_365,0.066667,0.165,0.0,0.835,0.987,0.053333,0.013333,0.031111,first,3.2823,0.9405,0.013333,3
inst_aaf227744474b489_366,0.043668,0.081,0.067,0.851,0.722,0.026201,0.021834,0.113537,third,3.1173,0.913,0.008734,2
inst_d63fc32610c481b8_367,0.013158,0.081,0.0,0.919,0.938,0.0,0.0,0.017544,third,3.2474,0.9385,0.030702,7
inst_294e898a1735beb6_368,0.008163,0.065,0.0,0.935,0.9161,0.0,0.004082,0.0,second,2.7492,0.5714,0.0,0
inst_22d5eee8392f6a5f_369,0.076087,0.1,0.07,0.831,0.8033,0.01087,0.0,0.11413,third,3.1722,0.8816,0.021739,4
inst_15bd7f250f0dd5c4_370,0.066667,0.141,0.035,0.824,0.9586,0.029167,0.0,0.033333,third,2.9335,0.9479,0.025,6
inst_244352751e752491_371,0.076233,0.039,0.056,0.905,-0.3612,0.049327,0.004484,0.013453,first,3.0924,0.9886,0.017937,4
inst_85ff46940a6e9b02_372,0.058824,0.066,0.042,0.892,0.4215,0.0,0.0,0.023529,third,2.9685,0.9756,0.029412,5
inst_5ea8c4e5d08edc0d_373,0.047009,0.176,0.068,0.756,0.9674,0.008547,0.0,0.029915,third,3.1868,0.9787,0.012821,3
inst_91d5e81a6ae5711a_374,0.054545,0.134,0.046,0.82,0.9641,0.068182,0.036364,0.013636,first,3.1684,1.0,0.013636,3
inst_e541ec6fdd7e81a9_375,0.048246,0.161,0.081,0.758,0.9539,0.030702,0.0,0.02193,first,2.7713,0.9474,0.008772,2
inst_2820b490bed7c563_376,0.0,0.0,0.0,1.0,0.0,0.0,0.0,0.0,none,4.14,0.25,0.0,0
inst_765402e2b624f3f4_377,0.035714,0.127,0.0,0.873,0.9709,0.0,0.0,0.017857,third,3.0156,0.9907,0.004464,1
inst_bf1143b78df36c28_378,0.052,0.035,0.12,0.844,-0.9565,0.012,0.0,0.024,third,3.0465,0.9892,0.016,4
inst_17ebc157371ab538_379,0.078947,0.076,0.06,0.864,0.7423,0.030702,0.0,0.048246,third,2.9479,0.9333,0.008772,2
inst_a9c4d3eac0896bf6_380,0.033613,0.057,0.099,0.844,-0.7127,0.05042,0.033613,0.029412,first,2.6449,0.9677,0.016807,4
inst_098cf946d3783ee0_381,0.059259,0.0,0.0,1.0,0.0,0.037037,0.0,0.081481,third,3.078,0.9483,0.022222,3
inst_bc9467d395473c74_382,0.0,0.093,0.043,0.865,0.872,0.0,0.0,0.0,none,2.3409,0.8462,0.004167,1
inst_2f237ec9b443729f_383,0.015385,0.127,0.074,0.799,0.9329,0.057692,0.007692,0.015385,first,2.8535,0.9271,0.003846,1
inst_f92804b1df2ddf0b_384,0.031414,0.008,0.188,0.804,-0.9879,0.04712,0.005236,0.020942,first,3.2418,0.9296,0.020942,4
inst_fb372be223b3dbed_385,0.027273,0.078,0.055,0.867,0.7005,0.0,0.0,0.009091,third,3.0067,0.8764,0.022727,5
inst_9664460cbb54aad9_386,0.008811,0.056,0.0,0.944,0.891,0.0,0.0,0.004405,third,3.1197,0.963,0.008811,2
inst_11800aedbe30cc11_387,0.064655,0.027,0.112,0.861,-0.9538,0.0,0.0,0.038793,third,3.088,0.9219,0.034483,8
inst_53c10ce5de1d8f68_388,0.035714,0.044,0.089,0.867,-0.8126,0.026786,0.013393,0.013393,first,3.5022,0.8788,0.022321,5
inst_3504b1c8d2e4469b_389,0.065217,0.023,0.079,0.898,-0.9038,0.03913,0.0,0.017391,first,3.083,0.8932,0.008696,2
inst_8075be358499080c_390,0.017778,0.085,0.01,0.905,0.934,0.057778,0.0,0.013333,first,3.0019,0.9792,0.008889,2
inst_1a5d3d55a99f4b2c_391,0.022026,0.178,0.02,0.802,0.9869,0.030837,0.008811,0.035242,third,3.1901,0.9032,0.022026,5
inst_783389486216590f_392,0.039474,0.06,0.086,0.854,-0.7627,0.0,0.0,0.008772,third,3.3647,0.9043,0.026316,6
inst_40193a2ca187264d_393,0.004202,0.016,0.014,0.971,0.1027,0.0,0.012605,0.0,second,3.7285,1.0,0.012605,3
inst_d2ef2463ed81ee9f_394,0.030043,0.293,0.0,0.707,0.9962,0.0,0.0,0.004292,third,2.9626,0.9688,0.0,0
inst_640e299d3f1754c7_395,0.042169,0.128,0.0,0.872,0.9618,0.0,0.0,0.03012,third,3.3479,1.0,0.060241,10
inst_5400358e035c8ad6_396,0.03252,0.053,0.052,0.895,0.0516,0.0,0.0,0.0,none,2.8244,0.9174,0.004065,1
inst_15bfd6c580237eba_397,0.017241,0.025,0.0,0.975,0.5994,0.0,0.0,0.00431,third,3.3894,0.9775,0.008621,2
inst_52af9f3e5077e48c_398,0.030172,0.222,0.04,0.738,0.9907,0.068966,0.030172,0.021552,first,2.8267,0.9302,0.0,0
inst_34498330553b9147_399,0.021008,0.04,0.058,0.902,-0.683,0.067227,0.004202,0.029412,first,2.9386,0.9524,0.004202,1
inst_853035bd1ea59fcf_400,0.0,0.029,0.024,0.947,0.25,0.0,0.0,0.00885,third,3.6753,0.9174,0.0,0
inst_76cfbd24e5c84853_401,0.055319,0.097,0.013,0.89,0.9558,0.004255,0.0,0.029787,third,3.3492,0.9375,0.0,0
inst_89a9b0c1f4ea0091_402,0.030172,0.175,0.208,0.616,-0.8514,0.051724,0.0,0.034483,first,2.9993,0.9457,0.0,0
inst_338ebac9f2c320f2_403,0.036,0.061,0.017,0.922,0.8481,0.0,0.0,0.032,third,2.7352,0.7692,0.036,9
inst_a052ce4a30e91316_404,0.037037,0.05,0.0,0.95,0.34,0.0,0.0,0.037037,third,3.307,0.9091,0.037037,2
inst_57d2c4cd3f36be3c_405,0.026432,0.15,0.089,0.761,0.9204,0.039648,0.044053,0.022026,second,2.7576,0.9355,0.0,0
inst_8181fb54a5ff8f46_406,0.038961,0.035,0.03,0.935,0.2716,0.0,0.0,0.004329,third,3.2136,0.9412,0.025974,6
inst_6eb7401a46e31779_407,0.06867,0.037,0.19,0.773,-0.9881,0.004292,0.0,0.021459,third,3.4094,0.9351,0.030043,7
inst_9f7e7e58f013a5de_408,0.00823,0.035,0.011,0.954,0.5719,0.0,0.0,0.016461,third,3.5838,0.9438,0.0,0
inst_6e362894c5c4186a_409,0.050279,0.134,0.044,0.823,0.9413,0.0,0.0,0.027933,third,3.2803,1.0,0.027933,5
inst_00a3da381acb694b_410,0.055556,0.0,0.0,1.0,0.0,0.0,0.0,0.0,none,3.5179,0.9444,0.037037,4
inst_669b1faad30b5dd6_411,0.082192,0.024,0.113,0.864,-0.8687,0.0,0.0,0.020548,third,3.5044,0.9643,0.006849,1
inst_7e3fde7c40975b8f_412,0.025455,0.056,0.062,0.882,0.088,0.021818,0.003636,0.014545,first,2.8765,0.7237,0.014545,4
inst_58d3e64d87585467_413,0.032864,0.03,0.009,0.961,0.4497,0.0,0.0,0.023474,third,2.883,0.9432,0.00939,2
inst_1859aed5b1c21c99_414,0.025316,0.037,0.048,0.915,-0.0258,0.0,0.0,0.008439,third,2.7903,0.96,0.042194,10
inst_3d4667678caf9401_415,0.039474,0.101,0.028,0.87,0.936,0.0,0.0,0.004386,third,3.2686,0.967,0.017544,4
inst_636b2cc6ce2b5deb_416,0.042453,0.091,0.083,0.825,0.1779,0.0,0.0,0.018868,third,3.1448,0.9706,0.018868,4
inst_14d25569ab7c3135_417,0.060606,0.197,0.037,0.766,0.9906,0.004329,0.0,0.073593,third,2.8772,0.9574,0.004329,1
inst_d6e296f177fa9600_418,0.017167,0.035,0.048,0.917,-0.1531,0.012876,0.004292,0.021459,third,3.4438,0.9406,0.004292,1
inst_78e7f74256c21db3_419,0.009259,0.129,0.077,0.794,0.7615,0.037037,0.0,0.074074,third,2.9593,1.0,0.0,0
inst_54607c8d3c9dcfc8_420,0.004348,0.159,0.234,0.608,-0.951,0.017391,0.017391,0.017391,first,3.4096,0.98,0.008696,2
inst_9eeb0e0042c24eed_421,0.038596,0.045,0.104,0.851,-0.9245,0.035088,0.02807,0.014035,first,2.9976,0.9149,0.003509,1
inst_39c5adc25ebef674_422,0.031111,0.082,0.007,0.911,0.9382,0.022222,0.0,0.013333,first,3.0965,1.0,0.04,9
inst_138c93bceda4c57c_423,0.100402,0.046,0.112,0.842,-0.9229,0.016064,0.004016,0.104418,third,3.4118,0.9222,0.008032,2
inst_8c51433ef747c303_424,0.032922,0.043,0.087,0.87,-0.8294,0.0,0.00823,0.016461,third,3.1148,0.8403,0.004115,1
inst_0cb37238b5090b2a_425,0.030837,0.059,0.16,0.78,-0.9794,0.0,0.004405,0.030837,third,3.3818,0.875,0.017621,4
inst_aede333ad2e0d5b5_426,0.035088,0.126,0.011,0.863,0.9636,0.061404,0.0,0.017544,first,3.0717,0.9583,0.02193,5
inst_e95197f76685d1ab_427,0.032653,0.144,0.033,0.823,0.9678,0.020408,0.0,0.020408,first,2.8888,0.9783,0.020408,5
inst_da44d8a8e9da45c4_428,0.048,0.111,0.068,0.822,0.8592,0.06,0.0,0.048,first,2.8527,0.9655,0.008,2
inst_62227924e90ac5b6_429,0.016878,0.162,0.068,0.77,0.9633,0.012658,0.0,0.021097,third,3.1553,0.9222,0.016878,4
inst_5f13ab0562f206e1_430,0.053812,0.081,0.099,0.82,-0.4588,0.0,0.0,0.03139,third,3.2683,1.0,0.017937,4
inst_a6f394f327b8c720_431,0.048673,0.117,0.063,0.82,0.9042,0.0,0.0,0.039823,third,3.1248,0.9718,0.035398,8
inst_cf5224e4d1a2ced3_432,0.05,0.191,0.042,0.767,0.9859,0.004545,0.009091,0.013636,third,3.4408,0.9674,0.0,0
inst_2c0b329fb9229f5a_433,0.032967,0.017,0.023,0.96,0.1759,0.005495,0.0,0.021978,third,3.1011,0.7826,0.021978,4
inst_89dbea8b769b43ed_434,0.0131,0.112,0.043,0.845,0.93,0.004367,0.0,0.030568,third,3.1821,0.9884,0.0131,3
inst_0b357099b810ebeb_435,0.04661,0.073,0.0,0.927,0.9153,0.0,0.0,0.025424,third,3.3603,0.8919,0.0,0
inst_975e4ac33875011d_436,0.053097,0.212,0.07,0.718,0.9801,0.026549,0.061947,0.057522,second,2.9403,0.9868,0.004425,1
inst_b5dafdcd4826964c_437,0.061983,0.142,0.04,0.818,0.9587,0.041322,0.0,0.004132,first,2.9299,0.9263,0.033058,8
inst_739c0c57c637b7cf_438,0.038136,0.083,0.013,0.904,0.9371,0.004237,0.0,0.016949,third,3.2514,0.8197,0.029661,7
inst_8e497f0e168186b0_439,0.026432,0.022,0.032,0.947,0.0,0.0,0.0,0.035242,third,3.0415,0.9333,0.039648,9
inst_093d6cbe0479d824_440,0.094203,0.017,0.055,0.928,-0.5859,0.0,0.0,0.072464,third,3.5915,0.9643,0.007246,1
inst_5396c201f59c6ee6_441,0.1,0.115,0.09,0.795,0.3612,0.0,0.0,0.059091,third,3.1562,0.9518,0.004545,1
inst_420ed1448bdc468b_442,0.0,0.107,0.042,0.851,0.8793,0.051383,0.011858,0.0,first,3.4352,0.951,0.01581,4
inst_74dbcac287c3ecef_443,0.042194,0.053,0.051,0.896,0.1027,0.037975,0.0,0.029536,first,3.2304,0.9383,0.025316,6
inst_12e489de62181cd1_444,0.031111,0.106,0.009,0.885,0.9589,0.044444,0.0,0.026667,first,3.2513,0.9444,0.008889,2
inst_31a70ce5febdb347_445,0.00361,0.083,0.0,0.917,0.9468,0.0,0.0,0.0,none,3.3915,0.971,0.036101,10
inst_c85dd92086db1742_446,0.022624,0.144,0.03,0.826,0.9766,0.013575,0.0,0.00905,first,2.971,0.9647,0.0,0
inst_8e5d4a51dc21140a_447,0.008811,0.088,0.046,0.866,0.755,0.0,0.039648,0.035242,second,3.3305,0.9524,0.008811,2
inst_3e6b0ee37834c460_448,0.045455,0.116,0.104,0.78,-0.1027,0.013636,0.0,0.068182,third,3.301,0.988,0.018182,4
inst_b9a3df089f45bf26_449,0.014851,0.288,0.07,0.642,0.9944,0.024752,0.009901,0.019802,first,2.7042,1.0,0.009901,2
inst_a004f65141f634dc_450,0.008065,0.068,0.013,0.919,0.872,0.0,0.0,0.024194,third,2.9846,0.899,0.008065,2
inst_f3a5f9203dcf43f4_451,0.013216,0.175,0.101,0.724,0.9731,0.035242,0.0,0.044053,third,2.7183,0.9873,0.0,0
inst_5555f771bc4adef2_452,0.021277,0.129,0.034,0.837,0.9386,0.042553,0.008511,0.029787,first,2.8967,0.913,0.008511,2
inst_08e041a5052623b5_453,0.048246,0.107,0.04,0.853,0.9225,0.026316,0.013158,0.04386,third,2.9983,0.9524,0.017544,4
inst_0ad679e91f6a5479_454,0.020725,0.1,0.099,0.801,0.2732,0.005181,0.0,0.005181,first,3.1613,0.9186,0.025907,5
inst_c199ddee24a393e4_455,0.029586,0.058,0.0,0.942,0.7902,0.076923,0.017751,0.005917,first,2.7445,0.9062,0.011834,2
inst_947cb573d9f45fec_456,0.058824,0.079,0.215,0.706,-0.9852,0.0,0.0,0.022624,third,2.9919,0.978,0.0,0
inst_3a6943df61bb68ad_457,0.017021,0.138,0.065,0.797,0.9559,0.0,0.0,0.017021,third,3.0027,0.9595,0.004255,1
inst_e27afc135859771f_458,0.022727,0.0,0.0,1.0,0.0,0.0,0.0,0.045455,third,3.5657,1.0,0.022727,1
inst_d273c85fe3f3590a_459,0.08982,0.0,0.238,0.762,-0.9897,0.023952,0.0,0.083832,third,3.3062,0.9733,0.0,0
inst_2d81fe801fc80506_460,0.017241,0.153,0.036,0.812,0.9676,0.0,0.0,0.012931,third,2.7831,0.9886,0.012931,3
inst_0d98b3d2951e8f9c_461,0.029412,0.149,0.021,0.83,0.9821,0.046218,0.016807,0.029412,first,3.4617,0.9889,0.004202,1
inst_4bb54e64569a4e95_462,0.034632,0.03,0.054,0.916,-0.7076,0.0,0.0,0.0,none,3.3003,0.9504,0.021645,5
inst_003bd7b89e0d9f93_463,0.007407,0.066,0.092,0.842,-0.6445,0.037037,0.051852,0.02963,second,3.2841,0.9107,0.0,0
inst_b2c37e808ef6e604_464,0.070064,0.071,0.022,0.907,0.647,0.076433,0.006369,0.019108,first,3.3055,0.9286,0.0,0
inst_2a9bdde6dc5d257b_465,0.028689,0.162,0.039,0.799,0.9808,0.02459,0.0,0.008197,first,2.9933,0.9388,0.0,0
inst_7bf8021b348cd3fb_466,0.017857,0.08,0.007,0.914,0.9278,0.053571,0.03125,0.017857,first,3.0977,0.9535,0.013393,3
inst_9221fcee264511de_467,0.0,0.054,0.0,0.946,0.8225,0.004386,0.0,0.004386,first,3.6705,0.9412,0.004386,1
inst_ace9aa8b362763b9_468,0.042194,0.04,0.048,0.912,0.4284,0.054852,0.0,0.012658,first,3.4908,0.9688,0.0,0
inst_293c7691b3d1b7aa_469,0.063063,0.081,0.032,0.887,0.8834,0.0,0.0,0.036036,third,3.3847,0.9889,0.009009,2
inst_9f8cf67b1fc2ba23_470,0.046154,0.205,0.0,0.795,0.9214,0.0,0.0,0.061538,third,3.2379,1.0,0.0,0
inst_a2fa2cabe0e38e45_471,0.0,0.139,0.034,0.828,0.9478,0.013761,0.041284,0.03211,second,2.8347,0.9898,0.004587,1
inst_e1e4e0d98469211c_472,0.039216,0.145,0.0,0.855,0.9595,0.0,0.0,0.026144,third,2.7092,0.9024,0.013072,2
inst_4e61856b3d0f7c3f_473,0.02193,0.116,0.0,0.884,0.9633,0.0,0.0,0.083333,third,3.3293,0.9515,0.008772,2
inst_4b9f3ec34dff91f4_474,0.055556,0.088,0.0,0.912,0.34,0.0,0.0,0.055556,third,3.64,1.0,0.055556,2
inst_ce851d6a2ebc6d43_475,0.009479,0.31,0.071,0.619,0.9956,0.061611,0.028436,0.014218,first,2.8255,1.0,0.0,0
inst_0180d7dc637f9eb8_476,0.068966,0.105,0.107,0.788,0.145,0.00431,0.0,0.021552,third,3.4547,0.9302,0.008621,2
inst_5078a91aeefdd630_477,0.07438,0.035,0.089,0.876,-0.9117,0.008264,0.0,0.024793,third,2.7998,0.8776,0.008264,2
inst_a47d1cb67b6eced9_478,0.037344,0.102,0.052,0.846,0.8878,0.016598,0.0,0.008299,first,2.9927,0.9438,0.020747,5
inst_5010993649a87c9e_479,0.046154,0.05,0.066,0.883,-0.4588,0.015385,0.0,0.0,first,3.5165,0.9118,0.030769,2
inst_1791573df9220ce0_480,0.005747,0.077,0.008,0.915,0.8008,0.0,0.011494,0.028736,third,4.0108,0.9375,0.005747,1
inst_b9041daf73283863_481,0.094059,0.105,0.091,0.803,0.5624,0.00495,0.0,0.084158,third,2.769,0.8923,0.0,0
inst_3686b3bb90a3595f_482,0.065693,0.073,0.096,0.831,-0.5994,0.0,0.0,0.0,none,3.1003,0.9296,0.007299,1
inst_1a7266c38a802f7e_483,0.0,0.053,0.013,0.935,0.7887,0.043825,0.0,0.027888,first,2.9449,0.84,0.003984,1
inst_4b7a13c9a9bc2632_484,0.012876,0.01,0.011,0.979,-0.0772,0.008584,0.0,0.017167,third,3.1553,0.8621,0.025751,6
inst_f9db4303a0b87244_485,0.062992,0.051,0.088,0.861,-0.5952,0.062992,0.0,0.015748,first,2.7565,0.9149,0.0,0
inst_f19d4d6b0dbaee72_486,0.026432,0.073,0.036,0.891,0.8225,0.0,0.0,0.004405,third,3.1353,0.9775,0.004405,1
inst_2ee73a81c92f692e_487,0.071749,0.071,0.038,0.891,0.7089,0.035874,0.0,0.089686,third,2.9905,0.9873,0.004484,1
inst_ef921949be4a06be_488,0.041494,0.063,0.0,0.937,0.8885,0.0,0.0,0.004149,third,3.0218,0.8673,0.016598,4
inst_8f26d8061e130db3_489,0.021834,0.086,0.026,0.888,0.8606,0.008734,0.0,0.043668,third,2.7777,0.9459,0.021834,5
inst_9b3c773f7688d600_490,0.051793,0.092,0.129,0.778,-0.8587,0.031873,0.035857,0.103586,third,3.0556,0.9868,0.0,0
inst_ba4a89b2a77032c5_491,0.086957,0.132,0.013,0.856,0.9744,0.043478,0.004348,0.047826,third,2.9341,0.9524,0.008696,2
inst_8ad8547b2be045c1_492,0.008969,0.101,0.048,0.851,0.8702,0.058296,0.008969,0.022422,first,3.2087,0.9802,0.004484,1
inst_ea62dcce38996b97_493,0.0,0.099,0.0,0.901,0.8908,0.088235,0.0,0.0,first,3.203,0.9091,0.014706,2
inst_c8bcfb1f06fe3a0a_494,0.025316,0.032,0.051,0.916,-0.5758,0.054852,0.0,0.059072,third,2.999,0.9756,0.004219,1
inst_6d4355bf1158d9b6_495,0.04386,0.03,0.0,0.97,0.7096,0.0,0.0,0.017544,third,3.2505,0.9024,0.026316,6
inst_a713321acf2fb0d1_496,0.022026,0.119,0.022,0.86,0.9571,0.052863,0.008811,0.035242,first,2.7867,0.9762,0.008811,2
inst_bf866e680b38b629_497,0.012876,0.066,0.014,0.92,0.8655,0.0,0.0,0.025751,third,3.6232,0.9667,0.021459,5
inst_0ff5bdff26535075_498,0.035556,0.043,0.099,0.858,-0.9022,0.004444,0.0,0.044444,third,3.1,0.9684,0.004444,1
inst_0693ecd0a006f5fd_499,0.046414,0.124,0.008,0.868,0.9761,0.016878,0.012658,0.046414,third,3.1755,0.869,0.012658,3
inst_6d0e39db1bf3e0ac_500,0.075893,0.043,0.027,0.931,0.516,0.008929,0.0,0.040179,third,3.0176,0.9519,0.004464,1
inst_b5c5988baf8690fa_501,0.046809,0.187,0.056,0.757,0.9848,0.051064,0.008511,0.012766,first,3.4112,0.9672,0.004255,1
inst_c3f4fdaad61e70d4_502,0.038627,0.159,0.0,0.841,0.9828,0.008584,0.0,0.030043,third,3.3033,0.97,0.021459,5
inst_fb8f2509fa00e3db_503,0.053333,0.147,0.0,0.853,0.9867,0.0,0.0,0.053333,third,2.9313,0.9688,0.044444,10
inst_89ec5ff57fdf74ea_504,0.05,0.015,0.0,0.985,0.4753,0.0,0.0,0.0375,third,3.3502,0.9118,0.020833,5
inst_2f87928892972c38_505,0.069869,0.083,0.0,0.917,0.952,0.004367,0.004367,0.082969,third,3.121,0.9167,0.008734,2
inst_764a413f50c422b9_506,0.0,0.0,0.0,1.0,0.0,0.0,0.0,0.0,none,4.26,0.3333,0.0,0
inst_08208557f9dcdd7b_507,0.017544,0.136,0.018,0.846,0.9732,0.004386,0.02193,0.052632,third,2.9537,0.962,0.004386,1
inst_c5852aaee7a3b6a4_508,0.030435,0.024,0.164,0.812,-0.9829,0.004348,0.0,0.013043,third,3.0933,0.9,0.0,0
inst_3569ce85ec8b47e4_509,0.054167,0.05,0.006,0.944,0.835,0.008333,0.0,0.0375,third,3.3717,0.9383,0.029167,7
inst_f8851a644ebca4da_510,0.065574,0.11,0.0,0.89,0.7424,0.016393,0.0,0.065574,third,3.1689,1.0,0.04918,3
inst_64c54af987cfaf7e_511,0.0,0.0,0.0,1.0,0.0,0.0,0.0,0.0,none,3.59,0.875,0.035294,3
inst_986d3c07e46f8457_512,0.026549,0.052,0.089,0.858,-0.8196,0.030973,0.017699,0.00885,first,3.0791,0.9677,0.00885,2
inst_b13b6bae29778fe1_513,0.051948,0.141,0.125,0.735,-0.3202,0.0,0.0,0.030303,third,2.8559,0.9605,0.021645,5
inst_9f127e7714d33f1f_514,0.016129,0.047,0.0,0.953,0.8591,0.0,0.004032,0.040323,third,3.227,0.9692,0.0,0
inst_b29250098f4521e1_515,0.038961,0.124,0.046,0.83,0.9538,0.012987,0.0,0.0,first,2.9957,0.9455,0.017316,4
inst_f08d4745e08996f7_516,0.06087,0.096,0.011,0.894,0.9558,0.0,0.008696,0.06087,third,3.0331,1.0,0.026087,6
inst_8aa1d4d1495e765f_517,0.026549,0.085,0.201,0.714,-0.9894,0.0,0.0,0.013274,third,3.1333,0.9868,0.022124,5
inst_6d55a7b49e98c76c_518,0.008811,0.114,0.037,0.849,0.947,0.030837,0.026432,0.022026,first,3.1763,0.967,0.008811,2
inst_5ca6eb623a8ea9fa_519,0.045833,0.122,0.006,0.872,0.9766,0.054167,0.008333,0.025,first,3.3388,0.9351,0.008333,2
inst_ddd4f37f74216948_520,0.090909,0.15,0.0,0.85,0.8481,0.0,0.0,0.045455,third,3.7127,0.9375,0.060606,4
inst_5df837381cea8077_521,0.049451,0.083,0.012,0.904,0.9024,0.0,0.0,0.043956,third,3.2304,0.8333,0.032967,6
inst_e917115e2dcaea29_522,0.039823,0.09,0.0,0.91,0.9517,0.004425,0.004425,0.022124,third,3.203,0.98,0.022124,5
inst_a09cb00319cbf992_523,0.006711,0.057,0.0,0.943,0.7424,0.0,0.013423,0.0,second,3.9635,0.9677,0.006711,1
inst_a2b8399db145f638_524,0.026432,0.116,0.018,0.866,0.9618,0.07489,0.004405,0.026432,first,2.79,0.899,0.026432,6
inst_b0aa0a5092c681ab_525,0.009132,0.04,0.226,0.734,-0.9904,0.059361,0.018265,0.004566,first,3.0213,0.975,0.004566,1
inst_69de71e6b1690aa1_526,0.057778,0.096,0.032,0.872,0.9165,0.0,0.0,0.017778,third,3.048,0.9857,0.008889,2
inst_74740ad1816dafa4_527,0.018957,0.078,0.086,0.837,-0.3854,0.004739,0.0,0.023697,third,2.9514,0.9896,0.009479,2
inst_804eb8834d35e221_528,0.013072,0.048,0.041,0.91,-0.3409,0.019608,0.0,0.006536,first,3.0277,0.9459,0.013072,2
inst_963b05b8bea252fc_529,0.0,0.227,0.051,0.723,0.9921,0.0,0.0,0.037657,third,2.9853,0.8835,0.004184,1
inst_07f1206f2e5cd136_530,0.021008,0.057,0.085,0.858,-0.5859,0.008403,0.0,0.016807,third,2.88,0.9494,0.008403,2
inst_99d4dba0711fbfc8_531,0.008889,0.132,0.057,0.811,0.8705,0.0,0.0,0.04,third,2.9553,0.974,0.022222,5
inst_360517ce511b2972_532,0.016878,0.188,0.0,0.812,0.9908,0.059072,0.004219,0.008439,first,3.1858,0.9364,0.0,0
inst_761fd6bd02fc3525_533,0.056769,0.056,0.011,0.932,0.7184,0.0,0.0,0.039301,third,2.6637,0.9494,0.021834,5
inst_63215961dffaf19d_534,0.057613,0.048,0.079,0.873,-0.7615,0.0,0.0,0.024691,third,3.4806,0.9468,0.004115,1
inst_bf48b1eed49c3489_535,0.041475,0.241,0.0,0.759,0.9935,0.009217,0.0,0.02765,third,3.0921,0.9655,0.023041,5
inst_1cc1119399b0a205_536,0.081897,0.045,0.142,0.813,-0.9588,0.086207,0.00431,0.047414,first,2.9121,0.9,0.0,0
inst_2533f7f7a9e4b362_537,0.044843,0.161,0.048,0.791,0.9761,0.008969,0.004484,0.035874,third,3.2512,0.9872,0.049327,11
inst_6571812e2835dd14_538,0.095238,0.0,0.0,1.0,0.0,0.0,0.0,0.035714,third,3.8553,0.9744,0.02381,2
inst_2fd12f4736c0f5db_539,0.055556,0.133,0.032,0.835,0.9677,0.042735,0.0,0.017094,first,3.0863,0.8687,0.004274,1
inst_03bfcb04149c8928_540,0.029412,0.103,0.03,0.867,0.8732,0.054622,0.037815,0.012605,first,2.8545,1.0,0.004202,1
inst_5ccebbb5b93cd9e5_541,0.056034,0.037,0.0,0.963,0.6597,0.0,0.0,0.038793,third,3.3882,0.9104,0.043103,10
inst_5a27fd7afdbdd179_542,0.070833,0.031,0.043,0.926,-0.3301,0.0,0.0,0.020833,third,2.7752,0.9649,0.0125,3
inst_0314b29662951930_543,0.030702,0.045,0.0,0.955,0.7351,0.0,0.0,0.013158,third,3.294,0.9231,0.030702,7
inst_4e77ea04af7f35d4_544,0.052402,0.053,0.125,0.822,-0.9451,0.030568,0.004367,0.056769,third,3.038,0.9907,0.0131,3
inst_c9ef85295e50e6c7_545,0.050209,0.144,0.123,0.733,0.6869,0.066946,0.025105,0.020921,first,2.5901,0.9898,0.008368,2
inst_f1f898702e0f11bc_546,0.017094,0.098,0.0,0.902,0.9666,0.004274,0.0,0.021368,third,3.2594,0.9091,0.012821,3
inst_b89c9d70c1140e13_547,0.0,0.094,0.062,0.844,0.7275,0.013889,0.027778,0.023148,second,2.9487,0.9897,0.0,0
inst_e727970522f9bf08_548,0.0,0.0,0.0,1.0,0.0,0.0,0.0,0.0,none,,0.0,0.0,0
inst_dc558255980930f7_549,0.081818,0.05,0.046,0.904,0.1027,0.063636,0.0,0.018182,first,3.1761,0.8444,0.018182,2
inst_c091599c91a7e79b_550,0.048458,0.079,0.096,0.825,-0.4203,0.0,0.0,0.118943,third,3.1782,0.9877,0.004405,1
inst_425346c6cda3e0d5_551,0.089286,0.055,0.154,0.791,-0.967,0.0,0.0,0.107143,third,2.6975,0.9452,0.004464,1
inst_fdc6f5da50f91c01_552,0.021739,0.082,0.066,0.853,0.53,0.0,0.0,0.021739,third,2.9231,0.9636,0.004348,1
inst_3d374b9fd0942f33_553,0.111111,0.228,0.119,0.653,0.9396,0.090278,0.0,0.027778,first,2.7106,0.9846,0.0,0
inst_37a6a032e44666b0_554,0.06383,0.121,0.0,0.879,0.9623,0.031915,0.0,0.074468,third,3.248,0.9706,0.015957,3
inst_a55fff96b174a8ba_555,0.051282,0.141,0.018,0.842,0.9755,0.025641,0.004274,0.021368,first,3.4114,0.9451,0.017094,4
inst_153aa879715b0e76_556,0.015385,0.23,0.079,0.691,0.8555,0.076923,0.030769,0.0,first,3.1054,1.0,0.015385,1
inst_ef9fd7f29b23635b_557,0.029557,0.079,0.185,0.736,-0.9692,0.083744,0.0,0.034483,first,2.8977,0.9494,0.029557,6
inst_9a476964f3dd8e61_558,0.037037,0.036,0.12,0.843,-0.8763,0.074074,0.018519,0.092593,third,3.082,0.9839,0.006173,1
inst_ac2c1825772ad849_559,0.031111,0.179,0.041,0.78,0.9874,0.084444,0.004444,0.017778,first,3.0275,0.9327,0.031111,7
inst_0f52a023ca406b0f_560,0.048035,0.039,0.136,0.825,-0.9688,0.0,0.0,0.004367,third,3.3934,0.9733,0.043668,10
inst_6eb64ab7c5dae886_561,0.044843,0.091,0.094,0.816,-0.3818,0.0,0.0,0.008969,third,3.2937,0.9359,0.026906,6
inst_76e5da0aac23f627_562,0.045161,0.067,0.139,0.794,-0.9118,0.0,0.0,0.019355,third,3.2674,0.9592,0.03871,6
inst_228d508b8b595a81_563,0.025974,0.283,0.044,0.673,0.9968,0.030303,0.0,0.021645,first,3.0224,0.9579,0.004329,1
inst_044f85a2f40b867d_564,0.03211,0.057,0.051,0.892,0.0498,0.004587,0.0,0.027523,third,3.152,0.91,0.027523,6
inst_954876d67c025770_565,0.034335,0.068,0.056,0.876,0.5488,0.021459,0.0,0.04721,third,3.0275,1.0,0.038627,9
inst_aa1e7cebe7a94192_566,0.021834,0.023,0.008,0.968,0.2382,0.0,0.0131,0.039301,third,2.9786,0.9552,0.0131,3
inst_579d8e7839dbda4b_567,0.05314,0.099,0.068,0.833,0.4854,0.0,0.0,0.019324,third,3.2557,0.9592,0.024155,5
inst_23b693948ff49062_568,0.038462,0.083,0.0,0.917,0.7184,0.0,0.0,0.051282,third,2.9716,1.0,0.012821,1
inst_62b1092283070dea_569,0.034188,0.067,0.081,0.852,-0.2896,0.0,0.0,0.012821,third,3.41,0.925,0.029915,7
inst_76dbe037b0630d9b_570,0.058091,0.17,0.016,0.814,0.9868,0.037344,0.004149,0.041494,third,3.0377,0.9485,0.012448,3
inst_b7d58ae9c5a404bc_571,0.058577,0.064,0.053,0.883,0.0364,0.012552,0.0,0.033473,third,3.0528,0.9873,0.012552,3
inst_3c20030f91a59481_572,0.016949,0.182,0.028,0.791,0.9877,0.025424,0.0,0.025424,first,3.1663,0.9574,0.0,0
inst_e8ebca768c6f5512_573,0.011719,0.178,0.0,0.822,0.9887,0.003906,0.0,0.027344,third,3.2918,0.8684,0.011719,3
inst_7601fec0c7663641_574,0.058036,0.106,0.062,0.833,0.8625,0.0,0.0,0.040179,third,3.0029,0.9494,0.022321,5
inst_62359bf943a58e36_575,0.044053,0.127,0.043,0.83,0.9531,0.017621,0.0,0.013216,first,2.8735,0.9681,0.017621,4
inst_89441dfd1f37896d_576,0.07173,0.033,0.149,0.818,-0.9793,0.0,0.012658,0.037975,third,2.9827,0.9406,0.008439,2
inst_4066eaecf9b6d20d_577,0.040359,0.069,0.081,0.849,-0.6808,0.008969,0.0,0.008969,first,2.7661,0.8952,0.0,0
inst_553694c65f5334fa_578,0.009091,0.135,0.05,0.815,0.9672,0.036364,0.0,0.031818,first,2.9903,0.9892,0.018182,4
inst_cb90088b4e4aca3f_579,0.038462,0.106,0.026,0.867,0.9325,0.042735,0.008547,0.017094,first,3.3347,0.9412,0.017094,4
inst_a9c4e9d9c2c8837f_580,0.061538,0.218,0.0,0.782,0.9299,0.092308,0.0,0.015385,first,3.0145,1.0,0.015385,1
inst_bf323708fc892032_581,0.004566,0.184,0.058,0.759,0.9839,0.050228,0.041096,0.013699,first,2.8571,0.9891,0.009132,2
inst_30700064b9c067c4_582,0.012821,0.144,0.031,0.825,0.9757,0.034188,0.012821,0.021368,first,3.1957,0.7551,0.004274,1
inst_ee4c6f931bf17ae3_583,0.017621,0.051,0.0,0.949,0.872,0.030837,0.0,0.0,first,3.6738,0.9355,0.052863,12
inst_458dce928b7a0b65_584,0.054545,0.094,0.0,0.906,0.9081,0.006061,0.0,0.030303,third,3.0528,0.9194,0.012121,2
inst_ffce9f81330a0ace_585,0.0,0.169,0.11,0.72,0.7823,0.003876,0.003876,0.01938,third,3.0381,0.9753,0.007752,2
inst_3b1ec8f76e602da5_586,0.056,0.169,0.079,0.753,0.9736,0.08,0.016,0.024,first,2.9249,0.9688,0.016,4
inst_b7d1df55ad61ac9d_587,0.022026,0.026,0.152,0.822,-0.9766,0.0,0.0,0.013216,third,3.5564,0.974,0.022026,5
inst_a4d135eaab1be63c_588,0.030435,0.199,0.007,0.794,0.987,0.0,0.0,0.017391,third,3.0985,0.9351,0.021739,5
inst_bd789c9caea33a1a_589,0.046154,0.015,0.062,0.923,-0.6331,0.076923,0.0,0.038462,first,2.951,0.9615,0.007692,1
inst_da7d1dea597e00ac_590,0.0,0.107,0.117,0.776,-0.5265,0.0,0.012766,0.017021,third,3.2111,0.9583,0.008511,2
inst_5ec04bdce5f76646_591,0.075314,0.069,0.0,0.931,0.9316,0.012552,0.0,0.058577,third,3.21,0.954,0.004184,1
inst_7f66cf3924cc0c00_592,0.012195,0.147,0.0,0.853,0.9793,0.0,0.0,0.01626,third,3.1076,0.9655,0.004065,1
inst_5701641ae5c63b98_593,0.013274,0.056,0.014,0.93,0.8176,0.0,0.0,0.004425,third,3.4331,0.974,0.035398,8
inst_054a7015924cc812_594,0.076271,0.039,0.009,0.952,0.6956,0.0,0.0,0.025424,third,3.3488,0.9506,0.0,0
inst_85093a47f73f3d57_595,0.03653,0.146,0.046,0.809,0.9633,0.03653,0.0,0.013699,first,3.2164,0.9863,0.022831,5
inst_f6527c02f5316f92_596,0.024896,0.064,0.01,0.925,0.9022,0.0,0.0,0.045643,third,3.4278,0.9873,0.024896,6
inst_0ed9181992c9056a_597,0.020833,0.201,0.0,0.799,0.9934,0.1,0.016667,0.0125,first,2.9821,0.9278,0.020833,5
inst_3675eba1deb1ab5e_598,0.037736,0.028,0.159,0.813,-0.9774,0.004717,0.018868,0.028302,third,3.2095,1.0,0.009434,2
inst_2f24bee518b10282_599,0.0,0.028,0.009,0.963,0.4019,0.0,0.0,0.0,none,2.2482,0.9444,0.0,0
inst_520fb98072123608_600,0.042918,0.215,0.061,0.724,0.9858,0.120172,0.017167,0.060086,first,2.5115,0.9425,0.017167,4
inst_9f17c8ed0dd2c9fc_601,0.004348,0.1,0.063,0.837,0.7097,0.004348,0.008696,0.030435,third,3.1208,0.9386,0.013043,3
inst_8d126829f194ae13_602,0.04,0.069,0.098,0.833,-0.8539,0.026667,0.0,0.017778,first,3.2635,0.9796,0.004444,1
inst_27a5a33500422154_603,0.045455,0.166,0.0,0.834,0.9875,0.0,0.0,0.05,third,2.9927,0.8919,0.054545,12
inst_23e9fda51d84b9ad_604,0.013514,0.096,0.035,0.868,0.8835,0.063063,0.022523,0.004505,first,3.2129,0.9545,0.004505,1
inst_2720e1f86351814e_605,0.008032,0.116,0.068,0.816,0.9022,0.008032,0.0,0.016064,third,3.4029,0.8908,0.008032,2
inst_d3bb7aafe7d0c393_606,0.030172,0.122,0.044,0.834,0.9578,0.0,0.0,0.008621,third,3.2855,0.8919,0.021552,5
inst_b1c2d0660510cab5_607,0.018018,0.186,0.007,0.808,0.9905,0.031532,0.036036,0.027027,second,3.2895,1.0,0.0,0
inst_8862e78a245ce5ca_608,0.060302,0.021,0.15,0.829,-0.9633,0.005025,0.0,0.050251,third,3.235,0.973,0.020101,4
inst_5c471cf788eb9151_609,0.045455,0.088,0.026,0.887,0.9136,0.0,0.0,0.016529,third,3.2253,0.94,0.012397,3
inst_d241885977eeb9a4_610,0.078947,0.006,0.09,0.905,-0.9595,0.035088,0.0,0.039474,third,3.2658,0.9681,0.004386,1
inst_c329fde0616aa65d_611,0.039683,0.211,0.02,0.769,0.9698,0.063492,0.039683,0.015873,first,2.8347,0.8182,0.007937,1
inst_2db3d6af34fe6005_612,0.013043,0.158,0.03,0.812,0.9774,0.030435,0.026087,0.017391,first,2.9078,0.981,0.004348,1
inst_7cad82d9b5774bbf_613,0.038298,0.073,0.079,0.849,0.167,0.017021,0.0,0.029787,third,3.0832,0.956,0.017021,4
inst_95ea7c3cfbb52acd_614,0.034483,0.077,0.023,0.9,0.7933,0.0,0.0,0.043103,third,3.0634,0.982,0.0,0
inst_798e830a99a9e6db_615,0.051887,0.157,0.029,0.815,0.9829,0.04717,0.009434,0.014151,first,3.111,0.9667,0.004717,1
inst_9fedd0c529e8370a_616,0.028455,0.074,0.027,0.899,0.8225,0.0,0.0,0.02439,third,3.0656,0.939,0.004065,1
inst_1f2d4cda53da20fb_617,0.081197,0.0,0.143,0.857,-0.9819,0.0,0.0,0.017094,third,3.584,0.9882,0.047009,11
inst_4c7c43dde18c1ac8_618,0.069869,0.071,0.0,0.929,0.9246,0.0,0.0,0.039301,third,3.4066,0.961,0.008734,2
inst_149109a4458ad94e_619,0.051282,0.126,0.016,0.858,0.9623,0.0,0.0,0.021368,third,3.0187,0.9342,0.034188,8
inst_d203ffe34922cda4_620,0.04,0.154,0.17,0.676,-0.0918,0.066667,0.033333,0.013333,first,3.3354,1.0,0.006667,1
inst_2f8985332eb52bdc_621,0.026667,0.059,0.083,0.858,-0.6209,0.0,0.0,0.053333,third,3.1498,0.9529,0.013333,3
inst_81b736bd5d54b0de_622,0.008584,0.145,0.038,0.817,0.9571,0.021459,0.004292,0.004292,first,2.8847,0.8584,0.0,0
inst_e81a7627e619bf37_623,0.043011,0.092,0.015,0.893,0.9118,0.0,0.0,0.043011,third,3.3207,0.9643,0.026882,5
inst_64c9e101253b0922_624,0.037736,0.166,0.037,0.797,0.9748,0.023585,0.009434,0.004717,first,3.124,1.0,0.009434,2
inst_d0f577b5b6057640_625,0.045249,0.068,0.088,0.844,-0.7902,0.063348,0.0,0.022624,first,2.9312,0.9655,0.004525,1
inst_e704a6b183dbf3a7_626,0.063559,0.13,0.052,0.818,0.9354,0.0,0.0,0.084746,third,3.0247,0.9,0.016949,4
inst_21d5caf4574b1fda_627,0.048246,0.147,0.0,0.853,0.9814,0.0,0.0,0.02193,third,3.1064,0.9853,0.02193,5
inst_1b59d70f2d248a26_628,0.0,0.046,0.0,0.954,0.8176,0.0,0.0,0.0,none,3.1577,0.9677,0.0,0
inst_b761cf0550592ac6_629,0.058394,0.1,0.085,0.815,0.2382,0.021898,0.0,0.014599,first,3.484,0.9844,0.029197,4
inst_1e2d575afb50ae5e_630,0.037657,0.101,0.009,0.89,0.946,0.0,0.0,0.004184,third,3.3297,0.9271,0.0,0
inst_935a16a67f2bd39b_631,0.044053,0.138,0.019,0.843,0.9785,0.0,0.0,0.039648,third,2.8455,0.9359,0.030837,7
inst_16ed00fa44f22f9d_632,0.026549,0.129,0.01,0.86,0.9758,0.0,0.0,0.053097,third,3.1028,0.9067,0.017699,4
inst_95015c03342fc0c2_633,0.042553,0.125,0.097,0.779,0.6408,0.0,0.0,0.004255,third,3.6087,1.0,0.008511,2
inst_43cc2f6b9bb61db8_634,0.013393,0.045,0.023,0.932,0.5076,0.03125,0.03125,0.017857,first,2.9236,0.9059,0.0,0
inst_c8af4a24dcbcb46d_635,0.029915,0.096,0.022,0.882,0.9313,0.0,0.0,0.017094,third,2.8981,0.8933,0.008547,2
inst_f9d9eddb0a1aba1e_636,0.100457,0.102,0.069,0.829,0.6337,0.0,0.004566,0.068493,third,2.983,0.9796,0.0,0
inst_5798472c8cba15d4_637,0.033835,0.18,0.023,0.797,0.9883,0.015038,0.011278,0.026316,third,2.8695,0.9149,0.003759,1
inst_ce619bae59b8ce4f_638,0.0,0.0,0.075,0.925,-0.6312,0.057143,0.028571,0.028571,first,3.5075,0.96,0.028571,2
inst_78f814456b93352f_639,0.084967,0.036,0.111,0.854,-0.8617,0.098039,0.0,0.065359,first,3.6602,0.9828,0.013072,2
inst_65b39f1c04a9d96b_640,0.008929,0.099,0.039,0.862,0.8752,0.071429,0.03125,0.035714,first,2.8965,0.9556,0.0,0
inst_bb57512c6c5e8078_641,0.00823,0.064,0.071,0.865,-0.1424,0.024691,0.004115,0.078189,third,2.824,1.0,0.0,0
inst_a184d0ac27c07a5f_642,0.079167,0.073,0.036,0.891,0.8271,0.0,0.0,0.0875,third,3.3716,0.9718,0.016667,4
inst_692a00580f7fbbfb_643,0.011494,0.11,0.019,0.871,0.9574,0.042146,0.015326,0.034483,first,3.1748,0.92,0.003831,1
inst_71564cd5b49f4dc7_644,0.033654,0.122,0.065,0.813,0.8922,0.052885,0.0,0.033654,first,3.1157,0.9277,0.004808,1
inst_d176b5f9507b3d89_645,0.026549,0.101,0.011,0.887,0.9573,0.0,0.0,0.035398,third,2.96,0.942,0.013274,3
inst_51089b4afeed659e_646,0.008197,0.091,0.097,0.811,-0.3328,0.004098,0.0,0.008197,third,2.9391,0.9,0.02459,6
inst_219ed45b2ff92c72_647,0.031873,0.147,0.044,0.809,0.97,0.003984,0.0,0.01992,third,2.9809,0.8966,0.031873,8
inst_186596191cdf6013_648,0.019048,0.141,0.077,0.781,0.9313,0.071429,0.0,0.042857,first,2.7801,0.875,0.009524,2
inst_cc3128e957babd86_649,0.039301,0.045,0.035,0.92,0.4503,0.008734,0.0,0.017467,third,3.1209,0.9762,0.021834,5
inst_ee19469ea2dcc459_650,0.055556,0.087,0.057,0.856,0.6609,0.0,0.004274,0.025641,third,3.008,0.9643,0.004274,1
inst_8c963322caf25c9f_651,0.037975,0.084,0.011,0.905,0.9176,0.016878,0.0,0.029536,third,3.2263,0.967,0.012658,3
inst_fb5573e75ad9908b_652,0.022422,0.059,0.01,0.93,0.875,0.0,0.0,0.013453,third,3.4249,0.8878,0.013453,3
inst_007dcbf7cd2eb3db_653,0.02521,0.157,0.065,0.778,0.9633,0.029412,0.012605,0.029412,first,3.0067,0.9894,0.004202,1
inst_486693db35db9aac_654,0.019802,0.047,0.029,0.924,0.5374,0.0,0.0,0.049505,third,2.9501,0.95,0.024752,5
inst_e337be13f2dfc9fe_655,0.017699,0.103,0.0,0.897,0.9517,0.0,0.004425,0.030973,third,3.6896,0.9592,0.00885,2
inst_c9d5233d33187c42_656,0.038136,0.064,0.0,0.936,0.8957,0.004237,0.0,0.016949,third,3.2413,0.8955,0.025424,6
inst_123170c76b0cc253_657,0.0,0.119,0.07,0.811,0.7506,0.0,0.0,0.013043,third,3.0486,0.9804,0.004348,1
inst_e516440b9ee9c9c5_658,0.037267,0.069,0.022,0.91,0.802,0.0,0.0,0.031056,third,3.0851,0.9385,0.018634,3
inst_af117629b6cdcb5d_659,0.025974,0.041,0.031,0.928,0.2528,0.034632,0.0,0.012987,first,2.9566,0.8953,0.0,0
inst_f6f6220932c75269_660,0.065574,0.059,0.083,0.858,-0.3818,0.008197,0.0,0.098361,third,3.0533,0.9808,0.008197,1
inst_7891a544b0ddb509_661,0.054852,0.079,0.018,0.903,0.9046,0.0,0.0,0.054852,third,3.3866,0.9279,0.004219,1
inst_86d4e0edad6a88e6_662,0.052632,0.096,0.0,0.904,0.802,0.0,0.0,0.010526,third,3.0461,0.9048,0.0,0
inst_2a45a74ce7c53b76_663,0.024291,0.11,0.025,0.866,0.9598,0.012146,0.0,0.008097,first,3.1361,0.9438,0.008097,2
inst_46169e360b73126a_664,0.052174,0.216,0.01,0.775,0.9938,0.021739,0.0,0.0,first,3.2338,0.975,0.030435,7
inst_2fb2b37a3cf540b6_665,0.05,0.06,0.057,0.883,0.4083,0.0,0.0,0.025,third,3.0153,0.9885,0.020833,5
inst_5f7e7813c70ea096_666,0.046414,0.122,0.017,0.861,0.9634,0.0,0.0,0.016878,third,3.3269,0.9884,0.008439,2
inst_422422f09e341ec7_667,0.009662,0.092,0.015,0.893,0.9161,0.0,0.0,0.004831,third,3.1899,0.9367,0.004831,1
inst_e3c9a798f415d126_668,0.070796,0.034,0.068,0.898,-0.6866,0.106195,0.0,0.022124,first,3.2497,0.978,0.044248,10
inst_de2bd8fe85e98892_669,0.061475,0.074,0.012,0.914,0.8898,0.008197,0.0,0.012295,third,2.7111,0.8969,0.016393,4
inst_fdc742c87b172bd0_670,0.0,0.055,0.079,0.866,-0.6486,0.0,0.0,0.0,none,2.8564,0.88,0.174917,53
inst_ea55ef364490dfdb_671,0.046414,0.105,0.048,0.847,0.9074,0.008439,0.0,0.029536,third,3.3975,0.9444,0.025316,6
inst_de62e7a4980dc40c_672,0.081218,0.062,0.141,0.797,-0.9451,0.0,0.0,0.005076,third,3.132,0.9583,0.020305,4
inst_8d2b60fcb952cb9f_673,0.04,0.224,0.007,0.769,0.9944,0.031111,0.008889,0.044444,third,2.9565,0.9651,0.0,0
inst_1af6feebeea34df1_674,0.045872,0.025,0.099,0.876,-0.9109,0.0,0.0,0.009174,third,3.3402,0.9697,0.013761,3
inst_9ae97311d2e6f9f9_675,0.067416,0.039,0.125,0.836,-0.9025,0.022472,0.0,0.011236,first,2.9341,0.92,0.016854,3
inst_036b3e1c331e53d4_676,0.05042,0.105,0.063,0.832,0.8409,0.012605,0.004202,0.029412,third,2.8623,0.9326,0.037815,9
inst_3647d545a82ce0a5_677,0.098712,0.077,0.05,0.873,0.5784,0.012876,0.0,0.085837,third,3.2457,0.956,0.012876,3
inst_4d8f211b19729bca_678,0.059406,0.117,0.154,0.729,-0.8733,0.0,0.00495,0.054455,third,2.9575,0.9577,0.009901,2
